12,11,1,a,h1,99
12,11,1,a,h2,83
12,11,1,a,us,98
12,11,1,a,t1,82
12,11,1,a,t2,76
12,11,1,b,h1,82
12,11,1,b,h2,99
12,11,1,b,us,75
12,11,1,b,t1,88
12,11,1,b,t2,88
12,12,1,a,h1,92
12,12,1,a,h2,91
12,12,1,a,us,98
12,12,1,a,t1,99
12,12,1,a,t2,86
12,12,1,b,h1,92
12,12,1,b,h2,91
12,12,1,b,us,98
12,12,1,b,t1,75
12,12,1,b,t2,86
12,13,1,a,h1,77
12,13,1,a,h2,83
12,13,1,a,us,98
12,13,1,a,t1,98
12,13,1,a,t2,89
12,13,1,b,h1,83
12,13,1,b,h2,89
12,13,1,b,us,92
12,13,1,b,t1,97
12,13,1,b,t2,91
12,14,1,a,h1,98
12,14,1,a,h2,83
12,14,1,a,us,97
12,14,1,a,t1,82
12,14,1,a,t2,89
12,14,1,b,h1,94
12,14,1,b,h2,93
12,14,1,b,us,95
12,14,1,b,t1,96
12,14,1,b,t2,75
13,11,1,a,h1,94
13,11,1,a,h2,92
13,11,1,a,us,95
13,11,1,a,t1,82
13,11,1,a,t2,81
13,11,1,b,h1,83
13,11,1,b,h2,87
13,11,1,b,us,80
13,11,1,b,t1,98
13,11,1,b,t2,82
13,12,1,a,h1,90
13,12,1,a,h2,95
13,12,1,a,us,77
13,12,1,a,t1,90
13,12,1,a,t2,83
13,12,1,b,h1,76
13,12,1,b,h2,90
13,12,1,b,us,96
13,12,1,b,t1,86
13,12,1,b,t2,96
13,13,1,a,h1,83
13,13,1,a,h2,75
13,13,1,a,us,90
13,13,1,a,t1,92
13,13,1,a,t2,98
13,13,1,b,h1,100
13,13,1,b,h2,98
13,13,1,b,us,95
13,13,1,b,t1,83
13,13,1,b,t2,91
13,14,1,a,h1,92
13,14,1,a,h2,80
13,14,1,a,us,100
13,14,1,a,t1,98
13,14,1,a,t2,96
13,14,1,b,h1,84
13,14,1,b,h2,92
13,14,1,b,us,85
13,14,1,b,t1,77
13,14,1,b,t2,95
14,11,1,a,h1,95
14,11,1,a,h2,96
14,11,1,a,us,95
14,11,1,a,t1,93
14,11,1,a,t2,85
14,11,1,b,h1,78
14,11,1,b,h2,78
14,11,1,b,us,96
14,11,1,b,t1,88
14,11,1,b,t2,94
14,12,1,a,h1,96
14,12,1,a,h2,96
14,12,1,a,us,94
14,12,1,a,t1,97
14,12,1,a,t2,86
14,12,1,b,h1,81
14,12,1,b,h2,83
14,12,1,b,us,89
14,12,1,b,t1,98
14,12,1,b,t2,78
14,13,1,a,h1,96
14,13,1,a,h2,92
14,13,1,a,us,95
14,13,1,a,t1,96
14,13,1,a,t2,88
14,13,1,b,h1,85
14,13,1,b,h2,79
14,13,1,b,us,76
14,13,1,b,t1,75
14,13,1,b,t2,90
14,14,1,a,h1,89
14,14,1,a,h2,77
14,14,1,a,us,97
14,14,1,a,t1,90
14,14,1,a,t2,78
14,14,1,b,h1,75
14,14,1,b,h2,75
14,14,1,b,us,90
14,14,1,b,t1,91
14,14,1,b,t2,98
15,11,1,a,h1,75
15,11,1,a,h2,88
15,11,1,a,us,75
15,11,1,a,t1,95
15,11,1,a,t2,94
15,11,1,b,h1,82
15,11,1,b,h2,99
15,11,1,b,us,99
15,11,1,b,t1,99
15,11,1,b,t2,76
15,12,1,a,h1,100
15,12,1,a,h2,81
15,12,1,a,us,100
15,12,1,a,t1,87
15,12,1,a,t2,97
15,12,1,b,h1,75
15,12,1,b,h2,77
15,12,1,b,us,78
15,12,1,b,t1,75
15,12,1,b,t2,75
15,13,1,a,h1,91
15,13,1,a,h2,97
15,13,1,a,us,100
15,13,1,a,t1,92
15,13,1,a,t2,98
15,13,1,b,h1,91
15,13,1,b,h2,91
15,13,1,b,us,82
15,13,1,b,t1,97
15,13,1,b,t2,79
15,14,1,a,h1,75
15,14,1,a,h2,80
15,14,1,a,us,95
15,14,1,a,t1,77
15,14,1,a,t2,93
15,14,1,b,h1,78
15,14,1,b,h2,79
15,14,1,b,us,97
15,14,1,b,t1,94
15,14,1,b,t2,88
16,11,1,a,h1,98
16,11,1,a,h2,98
16,11,1,a,us,80
16,11,1,a,t1,95
16,11,1,a,t2,75
16,11,1,b,h1,96
16,11,1,b,h2,98
16,11,1,b,us,99
16,11,1,b,t1,92
16,11,1,b,t2,99
16,12,1,a,h1,94
16,12,1,a,h2,95
16,12,1,a,us,76
16,12,1,a,t1,85
16,12,1,a,t2,79
16,12,1,b,h1,94
16,12,1,b,h2,78
16,12,1,b,us,76
16,12,1,b,t1,91
16,12,1,b,t2,97
16,13,1,a,h1,89
16,13,1,a,h2,95
16,13,1,a,us,92
16,13,1,a,t1,88
16,13,1,a,t2,90
16,13,1,b,h1,84
16,13,1,b,h2,84
16,13,1,b,us,81
16,13,1,b,t1,78
16,13,1,b,t2,86
16,14,1,a,h1,89
16,14,1,a,h2,98
16,14,1,a,us,78
16,14,1,a,t1,97
16,14,1,a,t2,99
16,14,1,b,h1,100
16,14,1,b,h2,96
16,14,1,b,us,96
16,14,1,b,t1,81
16,14,1,b,t2,95
17,11,1,a,h1,97
17,11,1,a,h2,93
17,11,1,a,us,90
17,11,1,a,t1,91
17,11,1,a,t2,100
17,11,1,b,h1,80
17,11,1,b,h2,93
17,11,1,b,us,79
17,11,1,b,t1,79
17,11,1,b,t2,97
17,12,1,a,h1,100
17,12,1,a,h2,78
17,12,1,a,us,97
17,12,1,a,t1,84
17,12,1,a,t2,78
17,12,1,b,h1,90
17,12,1,b,h2,82
17,12,1,b,us,100
17,12,1,b,t1,97
17,12,1,b,t2,87
17,13,1,a,h1,77
17,13,1,a,h2,86
17,13,1,a,us,85
17,13,1,a,t1,88
17,13,1,a,t2,81
17,13,1,b,h1,90
17,13,1,b,h2,90
17,13,1,b,us,77
17,13,1,b,t1,94
17,13,1,b,t2,85
17,14,1,a,h1,93
17,14,1,a,h2,87
17,14,1,a,us,83
17,14,1,a,t1,87
17,14,1,a,t2,99
17,14,1,b,h1,77
17,14,1,b,h2,78
17,14,1,b,us,92
17,14,1,b,t1,99
17,14,1,b,t2,100
18,11,1,a,h1,81
18,11,1,a,h2,89
18,11,1,a,us,95
18,11,1,a,t1,92
18,11,1,a,t2,76
18,11,1,b,h1,81
18,11,1,b,h2,75
18,11,1,b,us,92
18,11,1,b,t1,81
18,11,1,b,t2,95
18,12,1,a,h1,99
18,12,1,a,h2,85
18,12,1,a,us,96
18,12,1,a,t1,80
18,12,1,a,t2,89
18,12,1,b,h1,99
18,12,1,b,h2,93
18,12,1,b,us,91
18,12,1,b,t1,79
18,12,1,b,t2,93
18,13,1,a,h1,88
18,13,1,a,h2,88
18,13,1,a,us,76
18,13,1,a,t1,79
18,13,1,a,t2,75
18,13,1,b,h1,86
18,13,1,b,h2,90
18,13,1,b,us,75
18,13,1,b,t1,91
18,13,1,b,t2,82
18,14,1,a,h1,92
18,14,1,a,h2,75
18,14,1,a,us,95
18,14,1,a,t1,88
18,14,1,a,t2,92
18,14,1,b,h1,80
18,14,1,b,h2,95
18,14,1,b,us,79
18,14,1,b,t1,81
18,14,1,b,t2,79
19,11,1,a,h1,77
19,11,1,a,h2,83
19,11,1,a,us,96
19,11,1,a,t1,93
19,11,1,a,t2,92
19,11,1,b,h1,83
19,11,1,b,h2,79
19,11,1,b,us,79
19,11,1,b,t1,82
19,11,1,b,t2,81
19,12,1,a,h1,81
19,12,1,a,h2,94
19,12,1,a,us,94
19,12,1,a,t1,99
19,12,1,a,t2,84
19,12,1,b,h1,91
19,12,1,b,h2,87
19,12,1,b,us,96
19,12,1,b,t1,89
19,12,1,b,t2,85
19,13,1,a,h1,93
19,13,1,a,h2,83
19,13,1,a,us,80
19,13,1,a,t1,87
19,13,1,a,t2,83
19,13,1,b,h1,84
19,13,1,b,h2,97
19,13,1,b,us,93
19,13,1,b,t1,92
19,13,1,b,t2,89
19,14,1,a,h1,95
19,14,1,a,h2,89
19,14,1,a,us,90
19,14,1,a,t1,79
19,14,1,a,t2,94
19,14,1,b,h1,81
19,14,1,b,h2,94
19,14,1,b,us,85
19,14,1,b,t1,100
19,14,1,b,t2,78
20,11,1,a,h1,92
20,11,1,a,h2,98
20,11,1,a,us,78
20,11,1,a,t1,76
20,11,1,a,t2,91
20,11,1,b,h1,100
20,11,1,b,h2,83
20,11,1,b,us,88
20,11,1,b,t1,75
20,11,1,b,t2,78
20,12,1,a,h1,77
20,12,1,a,h2,77
20,12,1,a,us,80
20,12,1,a,t1,91
20,12,1,a,t2,76
20,12,1,b,h1,75
20,12,1,b,h2,96
20,12,1,b,us,97
20,12,1,b,t1,91
20,12,1,b,t2,75
20,13,1,a,h1,77
20,13,1,a,h2,75
20,13,1,a,us,88
20,13,1,a,t1,81
20,13,1,a,t2,99
20,13,1,b,h1,92
20,13,1,b,h2,87
20,13,1,b,us,92
20,13,1,b,t1,82
20,13,1,b,t2,94
20,14,1,a,h1,84
20,14,1,a,h2,99
20,14,1,a,us,90
20,14,1,a,t1,100
20,14,1,a,t2,80
20,14,1,b,h1,88
20,14,1,b,h2,93
20,14,1,b,us,94
20,14,1,b,t1,78
20,14,1,b,t2,92
21,11,1,a,h1,75
21,11,1,a,h2,89
21,11,1,a,us,99
21,11,1,a,t1,77
21,11,1,a,t2,78
21,11,1,b,h1,88
21,11,1,b,h2,99
21,11,1,b,us,95
21,11,1,b,t1,98
21,11,1,b,t2,95
21,12,1,a,h1,94
21,12,1,a,h2,96
21,12,1,a,us,99
21,12,1,a,t1,90
21,12,1,a,t2,88
21,12,1,b,h1,78
21,12,1,b,h2,82
21,12,1,b,us,78
21,12,1,b,t1,82
21,12,1,b,t2,98
21,13,1,a,h1,75
21,13,1,a,h2,88
21,13,1,a,us,75
21,13,1,a,t1,100
21,13,1,a,t2,85
21,13,1,b,h1,75
21,13,1,b,h2,79
21,13,1,b,us,90
21,13,1,b,t1,89
21,13,1,b,t2,89
21,14,1,a,h1,75
21,14,1,a,h2,99
21,14,1,a,us,86
21,14,1,a,t1,89
21,14,1,a,t2,93
21,14,1,b,h1,95
21,14,1,b,h2,85
21,14,1,b,us,83
21,14,1,b,t1,99
21,14,1,b,t2,88
28,11,1,a,h1,75
28,11,1,a,h2,91
28,11,1,a,us,76
28,11,1,a,t1,90
28,11,1,a,t2,85
28,11,1,b,h1,88
28,11,1,b,h2,82
28,11,1,b,us,84
28,11,1,b,t1,93
28,11,1,b,t2,91
28,12,1,a,h1,80
28,12,1,a,h2,82
28,12,1,a,us,81
28,12,1,a,t1,99
28,12,1,a,t2,96
28,12,1,b,h1,83
28,12,1,b,h2,79
28,12,1,b,us,80
28,12,1,b,t1,83
28,12,1,b,t2,88
28,13,1,a,h1,79
28,13,1,a,h2,78
28,13,1,a,us,94
28,13,1,a,t1,80
28,13,1,a,t2,91
28,13,1,b,h1,80
28,13,1,b,h2,81
28,13,1,b,us,80
28,13,1,b,t1,80
28,13,1,b,t2,88
28,14,1,a,h1,92
28,14,1,a,h2,93
28,14,1,a,us,91
28,14,1,a,t1,91
28,14,1,a,t2,95
28,14,1,b,h1,94
28,14,1,b,h2,97
28,14,1,b,us,91
28,14,1,b,t1,97
28,14,1,b,t2,91
29,11,1,a,h1,82
29,11,1,a,h2,93
29,11,1,a,us,98
29,11,1,a,t1,81
29,11,1,a,t2,87
29,11,1,b,h1,96
29,11,1,b,h2,96
29,11,1,b,us,97
29,11,1,b,t1,75
29,11,1,b,t2,97
29,12,1,a,h1,98
29,12,1,a,h2,92
29,12,1,a,us,84
29,12,1,a,t1,92
29,12,1,a,t2,79
29,12,1,b,h1,90
29,12,1,b,h2,84
29,12,1,b,us,86
29,12,1,b,t1,79
29,12,1,b,t2,90
29,13,1,a,h1,95
29,13,1,a,h2,98
29,13,1,a,us,98
29,13,1,a,t1,84
29,13,1,a,t2,98
29,13,1,b,h1,84
29,13,1,b,h2,96
29,13,1,b,us,78
29,13,1,b,t1,89
29,13,1,b,t2,87
29,14,1,a,h1,92
29,14,1,a,h2,92
29,14,1,a,us,77
29,14,1,a,t1,84
29,14,1,a,t2,89
29,14,1,b,h1,77
29,14,1,b,h2,97
29,14,1,b,us,91
29,14,1,b,t1,95
29,14,1,b,t2,88
30,11,1,a,h1,89
30,11,1,a,h2,93
30,11,1,a,us,89
30,11,1,a,t1,76
30,11,1,a,t2,91
30,11,1,b,h1,77
30,11,1,b,h2,82
30,11,1,b,us,82
30,11,1,b,t1,76
30,11,1,b,t2,86
30,12,1,a,h1,100
30,12,1,a,h2,81
30,12,1,a,us,98
30,12,1,a,t1,92
30,12,1,a,t2,89
30,12,1,b,h1,91
30,12,1,b,h2,84
30,12,1,b,us,77
30,12,1,b,t1,80
30,12,1,b,t2,75
30,13,1,a,h1,86
30,13,1,a,h2,92
30,13,1,a,us,96
30,13,1,a,t1,84
30,13,1,a,t2,91
30,13,1,b,h1,98
30,13,1,b,h2,88
30,13,1,b,us,93
30,13,1,b,t1,95
30,13,1,b,t2,78
30,14,1,a,h1,98
30,14,1,a,h2,76
30,14,1,a,us,75
30,14,1,a,t1,77
30,14,1,a,t2,95
30,14,1,b,h1,83
30,14,1,b,h2,85
30,14,1,b,us,76
30,14,1,b,t1,82
30,14,1,b,t2,88
31,11,1,a,h1,82
31,11,1,a,h2,93
31,11,1,a,us,81
31,11,1,a,t1,99
31,11,1,a,t2,83
31,11,1,b,h1,75
31,11,1,b,h2,84
31,11,1,b,us,97
31,11,1,b,t1,81
31,11,1,b,t2,76
31,12,1,a,h1,95
31,12,1,a,h2,78
31,12,1,a,us,80
31,12,1,a,t1,86
31,12,1,a,t2,87
31,12,1,b,h1,89
31,12,1,b,h2,87
31,12,1,b,us,79
31,12,1,b,t1,82
31,12,1,b,t2,83
31,13,1,a,h1,75
31,13,1,a,h2,80
31,13,1,a,us,85
31,13,1,a,t1,76
31,13,1,a,t2,78
31,13,1,b,h1,95
31,13,1,b,h2,93
31,13,1,b,us,89
31,13,1,b,t1,83
31,13,1,b,t2,96
31,14,1,a,h1,78
31,14,1,a,h2,79
31,14,1,a,us,99
31,14,1,a,t1,95
31,14,1,a,t2,89
31,14,1,b,h1,95
31,14,1,b,h2,79
31,14,1,b,us,87
31,14,1,b,t1,88
31,14,1,b,t2,92
32,11,1,a,h1,78
32,11,1,a,h2,92
32,11,1,a,us,93
32,11,1,a,t1,77
32,11,1,a,t2,77
32,11,1,b,h1,93
32,11,1,b,h2,95
32,11,1,b,us,83
32,11,1,b,t1,81
32,11,1,b,t2,80
32,12,1,a,h1,80
32,12,1,a,h2,78
32,12,1,a,us,78
32,12,1,a,t1,82
32,12,1,a,t2,89
32,12,1,b,h1,78
32,12,1,b,h2,86
32,12,1,b,us,87
32,12,1,b,t1,80
32,12,1,b,t2,89
32,13,1,a,h1,95
32,13,1,a,h2,99
32,13,1,a,us,95
32,13,1,a,t1,100
32,13,1,a,t2,88
32,13,1,b,h1,90
32,13,1,b,h2,83
32,13,1,b,us,99
32,13,1,b,t1,83
32,13,1,b,t2,80
32,14,1,a,h1,77
32,14,1,a,h2,84
32,14,1,a,us,86
32,14,1,a,t1,97
32,14,1,a,t2,99
32,14,1,b,h1,75
32,14,1,b,h2,80
32,14,1,b,us,97
32,14,1,b,t1,86
32,14,1,b,t2,90
33,11,1,a,h1,90
33,11,1,a,h2,82
33,11,1,a,us,90
33,11,1,a,t1,100
33,11,1,a,t2,84
33,11,1,b,h1,94
33,11,1,b,h2,88
33,11,1,b,us,85
33,11,1,b,t1,98
33,11,1,b,t2,83
33,12,1,a,h1,85
33,12,1,a,h2,89
33,12,1,a,us,79
33,12,1,a,t1,96
33,12,1,a,t2,79
33,12,1,b,h1,75
33,12,1,b,h2,86
33,12,1,b,us,83
33,12,1,b,t1,87
33,12,1,b,t2,87
33,13,1,a,h1,84
33,13,1,a,h2,83
33,13,1,a,us,85
33,13,1,a,t1,80
33,13,1,a,t2,85
33,13,1,b,h1,89
33,13,1,b,h2,98
33,13,1,b,us,98
33,13,1,b,t1,83
33,13,1,b,t2,77
33,14,1,a,h1,94
33,14,1,a,h2,80
33,14,1,a,us,86
33,14,1,a,t1,98
33,14,1,a,t2,100
33,14,1,b,h1,82
33,14,1,b,h2,92
33,14,1,b,us,96
33,14,1,b,t1,81
33,14,1,b,t2,88
34,11,1,a,h1,92
34,11,1,a,h2,86
34,11,1,a,us,83
34,11,1,a,t1,91
34,11,1,a,t2,80
34,11,1,b,h1,90
34,11,1,b,h2,79
34,11,1,b,us,75
34,11,1,b,t1,95
34,11,1,b,t2,96
34,12,1,a,h1,94
34,12,1,a,h2,89
34,12,1,a,us,88
34,12,1,a,t1,85
34,12,1,a,t2,98
34,12,1,b,h1,100
34,12,1,b,h2,95
34,12,1,b,us,79
34,12,1,b,t1,76
34,12,1,b,t2,83
34,13,1,a,h1,82
34,13,1,a,h2,86
34,13,1,a,us,92
34,13,1,a,t1,88
34,13,1,a,t2,100
34,13,1,b,h1,86
34,13,1,b,h2,92
34,13,1,b,us,95
34,13,1,b,t1,77
34,13,1,b,t2,77
34,14,1,a,h1,89
34,14,1,a,h2,80
34,14,1,a,us,85
34,14,1,a,t1,81
34,14,1,a,t2,84
34,14,1,b,h1,93
34,14,1,b,h2,88
34,14,1,b,us,87
34,14,1,b,t1,76
34,14,1,b,t2,95
35,11,1,a,h1,86
35,11,1,a,h2,98
35,11,1,a,us,94
35,11,1,a,t1,82
35,11,1,a,t2,87
35,11,1,b,h1,93
35,11,1,b,h2,100
35,11,1,b,us,99
35,11,1,b,t1,98
35,11,1,b,t2,87
35,12,1,a,h1,96
35,12,1,a,h2,76
35,12,1,a,us,75
35,12,1,a,t1,98
35,12,1,a,t2,75
35,12,1,b,h1,92
35,12,1,b,h2,93
35,12,1,b,us,75
35,12,1,b,t1,90
35,12,1,b,t2,97
35,13,1,a,h1,100
35,13,1,a,h2,86
35,13,1,a,us,87
35,13,1,a,t1,83
35,13,1,a,t2,85
35,13,1,b,h1,78
35,13,1,b,h2,93
35,13,1,b,us,90
35,13,1,b,t1,83
35,13,1,b,t2,76
35,14,1,a,h1,80
35,14,1,a,h2,94
35,14,1,a,us,92
35,14,1,a,t1,83
35,14,1,a,t2,77
35,14,1,b,h1,82
35,14,1,b,h2,94
35,14,1,b,us,85
35,14,1,b,t1,91
35,14,1,b,t2,86
36,11,1,a,h1,86
36,11,1,a,h2,93
36,11,1,a,us,86
36,11,1,a,t1,100
36,11,1,a,t2,88
36,11,1,b,h1,89
36,11,1,b,h2,95
36,11,1,b,us,81
36,11,1,b,t1,78
36,11,1,b,t2,77
36,12,1,a,h1,85
36,12,1,a,h2,78
36,12,1,a,us,81
36,12,1,a,t1,94
36,12,1,a,t2,76
36,12,1,b,h1,89
36,12,1,b,h2,82
36,12,1,b,us,98
36,12,1,b,t1,96
36,12,1,b,t2,84
36,13,1,a,h1,90
36,13,1,a,h2,80
36,13,1,a,us,99
36,13,1,a,t1,75
36,13,1,a,t2,79
36,13,1,b,h1,100
36,13,1,b,h2,85
36,13,1,b,us,86
36,13,1,b,t1,75
36,13,1,b,t2,80
36,14,1,a,h1,87
36,14,1,a,h2,91
36,14,1,a,us,86
36,14,1,a,t1,76
36,14,1,a,t2,85
36,14,1,b,h1,77
36,14,1,b,h2,99
36,14,1,b,us,90
36,14,1,b,t1,96
36,14,1,b,t2,85
37,11,1,a,h1,87
37,11,1,a,h2,97
37,11,1,a,us,78
37,11,1,a,t1,99
37,11,1,a,t2,88
37,11,1,b,h1,77
37,11,1,b,h2,82
37,11,1,b,us,75
37,11,1,b,t1,87
37,11,1,b,t2,89
37,12,1,a,h1,92
37,12,1,a,h2,98
37,12,1,a,us,93
37,12,1,a,t1,100
37,12,1,a,t2,80
37,12,1,b,h1,83
37,12,1,b,h2,85
37,12,1,b,us,93
37,12,1,b,t1,75
37,12,1,b,t2,95
37,13,1,a,h1,81
37,13,1,a,h2,97
37,13,1,a,us,76
37,13,1,a,t1,83
37,13,1,a,t2,98
37,13,1,b,h1,85
37,13,1,b,h2,78
37,13,1,b,us,96
37,13,1,b,t1,86
37,13,1,b,t2,99
37,14,1,a,h1,77
37,14,1,a,h2,81
37,14,1,a,us,81
37,14,1,a,t1,92
37,14,1,a,t2,100
37,14,1,b,h1,90
37,14,1,b,h2,96
37,14,1,b,us,98
37,14,1,b,t1,80
37,14,1,b,t2,75
38,11,1,a,h1,97
38,11,1,a,h2,96
38,11,1,a,us,79
38,11,1,a,t1,81
38,11,1,a,t2,92
38,11,1,b,h1,97
38,11,1,b,h2,81
38,11,1,b,us,75
38,11,1,b,t1,78
38,11,1,b,t2,87
38,12,1,a,h1,88
38,12,1,a,h2,75
38,12,1,a,us,88
38,12,1,a,t1,86
38,12,1,a,t2,100
38,12,1,b,h1,79
38,12,1,b,h2,93
38,12,1,b,us,83
38,12,1,b,t1,81
38,12,1,b,t2,87
38,13,1,a,h1,92
38,13,1,a,h2,77
38,13,1,a,us,77
38,13,1,a,t1,85
38,13,1,a,t2,76
38,13,1,b,h1,81
38,13,1,b,h2,87
38,13,1,b,us,76
38,13,1,b,t1,99
38,13,1,b,t2,87
38,14,1,a,h1,78
38,14,1,a,h2,78
38,14,1,a,us,76
38,14,1,a,t1,84
38,14,1,a,t2,80
38,14,1,b,h1,79
38,14,1,b,h2,87
38,14,1,b,us,76
38,14,1,b,t1,97
38,14,1,b,t2,92
39,11,1,a,h1,76
39,11,1,a,h2,85
39,11,1,a,us,93
39,11,1,a,t1,89
39,11,1,a,t2,87
39,11,1,b,h1,91
39,11,1,b,h2,98
39,11,1,b,us,75
39,11,1,b,t1,79
39,11,1,b,t2,82
39,12,1,a,h1,86
39,12,1,a,h2,83
39,12,1,a,us,92
39,12,1,a,t1,76
39,12,1,a,t2,94
39,12,1,b,h1,81
39,12,1,b,h2,88
39,12,1,b,us,78
39,12,1,b,t1,82
39,12,1,b,t2,78
39,13,1,a,h1,86
39,13,1,a,h2,82
39,13,1,a,us,100
39,13,1,a,t1,86
39,13,1,a,t2,97
39,13,1,b,h1,99
39,13,1,b,h2,94
39,13,1,b,us,80
39,13,1,b,t1,97
39,13,1,b,t2,87
39,14,1,a,h1,100
39,14,1,a,h2,97
39,14,1,a,us,84
39,14,1,a,t1,88
39,14,1,a,t2,97
39,14,1,b,h1,84
39,14,1,b,h2,82
39,14,1,b,us,90
39,14,1,b,t1,95
39,14,1,b,t2,90
40,11,1,a,h1,95
40,11,1,a,h2,97
40,11,1,a,us,90
40,11,1,a,t1,86
40,11,1,a,t2,79
40,11,1,b,h1,97
40,11,1,b,h2,77
40,11,1,b,us,76
40,11,1,b,t1,87
40,11,1,b,t2,76
40,12,1,a,h1,98
40,12,1,a,h2,88
40,12,1,a,us,77
40,12,1,a,t1,97
40,12,1,a,t2,91
40,12,1,b,h1,84
40,12,1,b,h2,78
40,12,1,b,us,79
40,12,1,b,t1,86
40,12,1,b,t2,85
40,13,1,a,h1,87
40,13,1,a,h2,95
40,13,1,a,us,90
40,13,1,a,t1,98
40,13,1,a,t2,83
40,13,1,b,h1,95
40,13,1,b,h2,100
40,13,1,b,us,97
40,13,1,b,t1,75
40,13,1,b,t2,91
40,14,1,a,h1,100
40,14,1,a,h2,76
40,14,1,a,us,100
40,14,1,a,t1,97
40,14,1,a,t2,84
40,14,1,b,h1,97
40,14,1,b,h2,78
40,14,1,b,us,94
40,14,1,b,t1,86
40,14,1,b,t2,75
41,11,1,a,h1,80
41,11,1,a,h2,78
41,11,1,a,us,85
41,11,1,a,t1,100
41,11,1,a,t2,82
41,11,1,b,h1,90
41,11,1,b,h2,87
41,11,1,b,us,99
41,11,1,b,t1,76
41,11,1,b,t2,77
41,12,1,a,h1,84
41,12,1,a,h2,78
41,12,1,a,us,94
41,12,1,a,t1,91
41,12,1,a,t2,78
41,12,1,b,h1,79
41,12,1,b,h2,87
41,12,1,b,us,98
41,12,1,b,t1,79
41,12,1,b,t2,97
41,13,1,a,h1,85
41,13,1,a,h2,88
41,13,1,a,us,75
41,13,1,a,t1,99
41,13,1,a,t2,92
41,13,1,b,h1,99
41,13,1,b,h2,97
41,13,1,b,us,99
41,13,1,b,t1,86
41,13,1,b,t2,93
41,14,1,a,h1,98
41,14,1,a,h2,81
41,14,1,a,us,96
41,14,1,a,t1,95
41,14,1,a,t2,97
41,14,1,b,h1,80
41,14,1,b,h2,94
41,14,1,b,us,81
41,14,1,b,t1,82
41,14,1,b,t2,93
42,11,1,a,h1,91
42,11,1,a,h2,92
42,11,1,a,us,84
42,11,1,a,t1,88
42,11,1,a,t2,93
42,11,1,b,h1,95
42,11,1,b,h2,94
42,11,1,b,us,93
42,11,1,b,t1,96
42,11,1,b,t2,75
42,12,1,a,h1,98
42,12,1,a,h2,83
42,12,1,a,us,87
42,12,1,a,t1,92
42,12,1,a,t2,83
42,12,1,b,h1,97
42,12,1,b,h2,100
42,12,1,b,us,91
42,12,1,b,t1,78
42,12,1,b,t2,86
42,13,1,a,h1,93
42,13,1,a,h2,91
42,13,1,a,us,90
42,13,1,a,t1,84
42,13,1,a,t2,80
42,13,1,b,h1,87
42,13,1,b,h2,90
42,13,1,b,us,91
42,13,1,b,t1,89
42,13,1,b,t2,79
42,14,1,a,h1,86
42,14,1,a,h2,80
42,14,1,a,us,82
42,14,1,a,t1,100
42,14,1,a,t2,81
42,14,1,b,h1,75
42,14,1,b,h2,75
42,14,1,b,us,95
42,14,1,b,t1,87
42,14,1,b,t2,99
68,11,1,a,h1,91
68,11,1,a,h2,97
68,11,1,a,us,87
68,11,1,a,t1,89
68,11,1,a,t2,96
68,11,1,b,h1,76
68,11,1,b,h2,83
68,11,1,b,us,86
68,11,1,b,t1,80
68,11,1,b,t2,94
68,12,1,a,h1,96
68,12,1,a,h2,93
68,12,1,a,us,81
68,12,1,a,t1,97
68,12,1,a,t2,96
68,12,1,b,h1,100
68,12,1,b,h2,76
68,12,1,b,us,78
68,12,1,b,t1,97
68,12,1,b,t2,97
68,13,1,a,h1,89
68,13,1,a,h2,83
68,13,1,a,us,97
68,13,1,a,t1,86
68,13,1,a,t2,85
68,13,1,b,h1,81
68,13,1,b,h2,97
68,13,1,b,us,78
68,13,1,b,t1,75
68,13,1,b,t2,92
68,14,1,a,h1,97
68,14,1,a,h2,83
68,14,1,a,us,88
68,14,1,a,t1,76
68,14,1,a,t2,87
68,14,1,b,h1,96
68,14,1,b,h2,97
68,14,1,b,us,81
68,14,1,b,t1,99
68,14,1,b,t2,75
69,11,1,a,h1,83
69,11,1,a,h2,89
69,11,1,a,us,89
69,11,1,a,t1,83
69,11,1,a,t2,99
69,11,1,b,h1,80
69,11,1,b,h2,87
69,11,1,b,us,99
69,11,1,b,t1,85
69,11,1,b,t2,100
69,12,1,a,h1,93
69,12,1,a,h2,95
69,12,1,a,us,82
69,12,1,a,t1,90
69,12,1,a,t2,100
69,12,1,b,h1,97
69,12,1,b,h2,91
69,12,1,b,us,96
69,12,1,b,t1,84
69,12,1,b,t2,97
69,13,1,a,h1,87
69,13,1,a,h2,83
69,13,1,a,us,84
69,13,1,a,t1,76
69,13,1,a,t2,86
69,13,1,b,h1,100
69,13,1,b,h2,86
69,13,1,b,us,89
69,13,1,b,t1,96
69,13,1,b,t2,99
69,14,1,a,h1,85
69,14,1,a,h2,96
69,14,1,a,us,78
69,14,1,a,t1,95
69,14,1,a,t2,83
69,14,1,b,h1,100
69,14,1,b,h2,82
69,14,1,b,us,77
69,14,1,b,t1,85
69,14,1,b,t2,87
70,11,1,a,h1,80
70,11,1,a,h2,76
70,11,1,a,us,97
70,11,1,a,t1,92
70,11,1,a,t2,88
70,11,1,b,h1,88
70,11,1,b,h2,81
70,11,1,b,us,87
70,11,1,b,t1,86
70,11,1,b,t2,79
70,12,1,a,h1,85
70,12,1,a,h2,87
70,12,1,a,us,93
70,12,1,a,t1,86
70,12,1,a,t2,94
70,12,1,b,h1,89
70,12,1,b,h2,95
70,12,1,b,us,100
70,12,1,b,t1,84
70,12,1,b,t2,96
70,13,1,a,h1,93
70,13,1,a,h2,78
70,13,1,a,us,92
70,13,1,a,t1,82
70,13,1,a,t2,99
70,13,1,b,h1,86
70,13,1,b,h2,88
70,13,1,b,us,88
70,13,1,b,t1,84
70,13,1,b,t2,88
70,14,1,a,h1,77
70,14,1,a,h2,94
70,14,1,a,us,95
70,14,1,a,t1,82
70,14,1,a,t2,99
70,14,1,b,h1,92
70,14,1,b,h2,97
70,14,1,b,us,75
70,14,1,b,t1,87
70,14,1,b,t2,91
71,11,1,a,h1,88
71,11,1,a,h2,88
71,11,1,a,us,76
71,11,1,a,t1,90
71,11,1,a,t2,92
71,11,1,b,h1,85
71,11,1,b,h2,84
71,11,1,b,us,96
71,11,1,b,t1,100
71,11,1,b,t2,91
71,12,1,a,h1,93
71,12,1,a,h2,75
71,12,1,a,us,82
71,12,1,a,t1,85
71,12,1,a,t2,99
71,12,1,b,h1,100
71,12,1,b,h2,97
71,12,1,b,us,85
71,12,1,b,t1,90
71,12,1,b,t2,77
71,13,1,a,h1,96
71,13,1,a,h2,82
71,13,1,a,us,99
71,13,1,a,t1,96
71,13,1,a,t2,76
71,13,1,b,h1,75
71,13,1,b,h2,82
71,13,1,b,us,83
71,13,1,b,t1,98
71,13,1,b,t2,80
71,14,1,a,h1,98
71,14,1,a,h2,90
71,14,1,a,us,87
71,14,1,a,t1,90
71,14,1,a,t2,80
71,14,1,b,h1,75
71,14,1,b,h2,84
71,14,1,b,us,93
71,14,1,b,t1,75
71,14,1,b,t2,85
72,11,1,a,h1,91
72,11,1,a,h2,79
72,11,1,a,us,88
72,11,1,a,t1,93
72,11,1,a,t2,89
72,11,1,b,h1,81
72,11,1,b,h2,94
72,11,1,b,us,83
72,11,1,b,t1,92
72,11,1,b,t2,85
72,12,1,a,h1,84
72,12,1,a,h2,97
72,12,1,a,us,85
72,12,1,a,t1,95
72,12,1,a,t2,79
72,12,1,b,h1,86
72,12,1,b,h2,81
72,12,1,b,us,83
72,12,1,b,t1,76
72,12,1,b,t2,98
72,13,1,a,h1,100
72,13,1,a,h2,83
72,13,1,a,us,91
72,13,1,a,t1,80
72,13,1,a,t2,81
72,13,1,b,h1,94
72,13,1,b,h2,79
72,13,1,b,us,98
72,13,1,b,t1,79
72,13,1,b,t2,98
72,14,1,a,h1,91
72,14,1,a,h2,90
72,14,1,a,us,76
72,14,1,a,t1,95
72,14,1,a,t2,89
72,14,1,b,h1,89
72,14,1,b,h2,97
72,14,1,b,us,93
72,14,1,b,t1,92
72,14,1,b,t2,94
73,11,1,a,h1,95
73,11,1,a,h2,98
73,11,1,a,us,82
73,11,1,a,t1,85
73,11,1,a,t2,95
73,11,1,b,h1,80
73,11,1,b,h2,87
73,11,1,b,us,94
73,11,1,b,t1,82
73,11,1,b,t2,99
73,12,1,a,h1,100
73,12,1,a,h2,76
73,12,1,a,us,95
73,12,1,a,t1,81
73,12,1,a,t2,92
73,12,1,b,h1,78
73,12,1,b,h2,88
73,12,1,b,us,91
73,12,1,b,t1,93
73,12,1,b,t2,85
73,13,1,a,h1,100
73,13,1,a,h2,95
73,13,1,a,us,98
73,13,1,a,t1,75
73,13,1,a,t2,80
73,13,1,b,h1,94
73,13,1,b,h2,80
73,13,1,b,us,95
73,13,1,b,t1,76
73,13,1,b,t2,93
73,14,1,a,h1,87
73,14,1,a,h2,88
73,14,1,a,us,94
73,14,1,a,t1,98
73,14,1,a,t2,92
73,14,1,b,h1,79
73,14,1,b,h2,91
73,14,1,b,us,89
73,14,1,b,t1,75
73,14,1,b,t2,77
74,11,1,a,h1,96
74,11,1,a,h2,99
74,11,1,a,us,82
74,11,1,a,t1,80
74,11,1,a,t2,90
74,11,1,b,h1,96
74,11,1,b,h2,87
74,11,1,b,us,84
74,11,1,b,t1,99
74,11,1,b,t2,89
74,12,1,a,h1,84
74,12,1,a,h2,96
74,12,1,a,us,98
74,12,1,a,t1,79
74,12,1,a,t2,98
74,12,1,b,h1,83
74,12,1,b,h2,91
74,12,1,b,us,83
74,12,1,b,t1,95
74,12,1,b,t2,97
74,13,1,a,h1,85
74,13,1,a,h2,75
74,13,1,a,us,86
74,13,1,a,t1,96
74,13,1,a,t2,92
74,13,1,b,h1,77
74,13,1,b,h2,77
74,13,1,b,us,79
74,13,1,b,t1,94
74,13,1,b,t2,75
74,14,1,a,h1,90
74,14,1,a,h2,88
74,14,1,a,us,89
74,14,1,a,t1,86
74,14,1,a,t2,98
74,14,1,b,h1,91
74,14,1,b,h2,99
74,14,1,b,us,78
74,14,1,b,t1,87
74,14,1,b,t2,89
75,11,1,a,h1,81
75,11,1,a,h2,97
75,11,1,a,us,75
75,11,1,a,t1,90
75,11,1,a,t2,98
75,11,1,b,h1,89
75,11,1,b,h2,84
75,11,1,b,us,89
75,11,1,b,t1,85
75,11,1,b,t2,87
75,12,1,a,h1,83
75,12,1,a,h2,82
75,12,1,a,us,77
75,12,1,a,t1,99
75,12,1,a,t2,76
75,12,1,b,h1,84
75,12,1,b,h2,94
75,12,1,b,us,100
75,12,1,b,t1,78
75,12,1,b,t2,81
75,13,1,a,h1,99
75,13,1,a,h2,83
75,13,1,a,us,83
75,13,1,a,t1,100
75,13,1,a,t2,81
75,13,1,b,h1,92
75,13,1,b,h2,76
75,13,1,b,us,80
75,13,1,b,t1,91
75,13,1,b,t2,80
75,14,1,a,h1,89
75,14,1,a,h2,80
75,14,1,a,us,99
75,14,1,a,t1,97
75,14,1,a,t2,93
75,14,1,b,h1,98
75,14,1,b,h2,89
75,14,1,b,us,100
75,14,1,b,t1,86
75,14,1,b,t2,99
76,11,1,a,h1,95
76,11,1,a,h2,86
76,11,1,a,us,85
76,11,1,a,t1,78
76,11,1,a,t2,100
76,11,1,b,h1,93
76,11,1,b,h2,97
76,11,1,b,us,79
76,11,1,b,t1,98
76,11,1,b,t2,80
76,12,1,a,h1,96
76,12,1,a,h2,87
76,12,1,a,us,100
76,12,1,a,t1,89
76,12,1,a,t2,90
76,12,1,b,h1,82
76,12,1,b,h2,76
76,12,1,b,us,86
76,12,1,b,t1,88
76,12,1,b,t2,86
76,13,1,a,h1,98
76,13,1,a,h2,84
76,13,1,a,us,90
76,13,1,a,t1,91
76,13,1,a,t2,87
76,13,1,b,h1,76
76,13,1,b,h2,75
76,13,1,b,us,78
76,13,1,b,t1,86
76,13,1,b,t2,83
76,14,1,a,h1,76
76,14,1,a,h2,98
76,14,1,a,us,75
76,14,1,a,t1,84
76,14,1,a,t2,87
76,14,1,b,h1,87
76,14,1,b,h2,92
76,14,1,b,us,81
76,14,1,b,t1,85
76,14,1,b,t2,85
77,11,1,a,h1,91
77,11,1,a,h2,96
77,11,1,a,us,80
77,11,1,a,t1,91
77,11,1,a,t2,75
77,11,1,b,h1,75
77,11,1,b,h2,88
77,11,1,b,us,94
77,11,1,b,t1,86
77,11,1,b,t2,80
77,12,1,a,h1,95
77,12,1,a,h2,82
77,12,1,a,us,75
77,12,1,a,t1,80
77,12,1,a,t2,99
77,12,1,b,h1,75
77,12,1,b,h2,100
77,12,1,b,us,98
77,12,1,b,t1,96
77,12,1,b,t2,93
77,13,1,a,h1,85
77,13,1,a,h2,93
77,13,1,a,us,92
77,13,1,a,t1,86
77,13,1,a,t2,82
77,13,1,b,h1,85
77,13,1,b,h2,89
77,13,1,b,us,88
77,13,1,b,t1,75
77,13,1,b,t2,96
77,14,1,a,h1,97
77,14,1,a,h2,92
77,14,1,a,us,97
77,14,1,a,t1,81
77,14,1,a,t2,89
77,14,1,b,h1,79
77,14,1,b,h2,88
77,14,1,b,us,95
77,14,1,b,t1,94
77,14,1,b,t2,96
78,11,1,a,h1,83
78,11,1,a,h2,82
78,11,1,a,us,94
78,11,1,a,t1,83
78,11,1,a,t2,97
78,11,1,b,h1,94
78,11,1,b,h2,99
78,11,1,b,us,90
78,11,1,b,t1,98
78,11,1,b,t2,77
78,12,1,a,h1,97
78,12,1,a,h2,80
78,12,1,a,us,90
78,12,1,a,t1,80
78,12,1,a,t2,76
78,12,1,b,h1,77
78,12,1,b,h2,87
78,12,1,b,us,75
78,12,1,b,t1,87
78,12,1,b,t2,90
78,13,1,a,h1,77
78,13,1,a,h2,89
78,13,1,a,us,94
78,13,1,a,t1,79
78,13,1,a,t2,78
78,13,1,b,h1,95
78,13,1,b,h2,87
78,13,1,b,us,89
78,13,1,b,t1,82
78,13,1,b,t2,85
78,14,1,a,h1,83
78,14,1,a,h2,85
78,14,1,a,us,98
78,14,1,a,t1,89
78,14,1,a,t2,80
78,14,1,b,h1,86
78,14,1,b,h2,77
78,14,1,b,us,76
78,14,1,b,t1,77
78,14,1,b,t2,96
79,11,1,a,h1,95
79,11,1,a,h2,81
79,11,1,a,us,89
79,11,1,a,t1,93
79,11,1,a,t2,86
79,11,1,b,h1,94
79,11,1,b,h2,77
79,11,1,b,us,75
79,11,1,b,t1,99
79,11,1,b,t2,81
79,12,1,a,h1,76
79,12,1,a,h2,86
79,12,1,a,us,94
79,12,1,a,t1,76
79,12,1,a,t2,86
79,12,1,b,h1,95
79,12,1,b,h2,94
79,12,1,b,us,96
79,12,1,b,t1,83
79,12,1,b,t2,81
79,13,1,a,h1,76
79,13,1,a,h2,93
79,13,1,a,us,75
79,13,1,a,t1,78
79,13,1,a,t2,75
79,13,1,b,h1,88
79,13,1,b,h2,76
79,13,1,b,us,88
79,13,1,b,t1,81
79,13,1,b,t2,76
79,14,1,a,h1,91
79,14,1,a,h2,80
79,14,1,a,us,90
79,14,1,a,t1,84
79,14,1,a,t2,93
79,14,1,b,h1,100
79,14,1,b,h2,96
79,14,1,b,us,95
79,14,1,b,t1,99
79,14,1,b,t2,86
80,11,1,a,h1,96
80,11,1,a,h2,93
80,11,1,a,us,76
80,11,1,a,t1,83
80,11,1,a,t2,95
80,11,1,b,h1,97
80,11,1,b,h2,86
80,11,1,b,us,77
80,11,1,b,t1,86
80,11,1,b,t2,85
80,12,1,a,h1,91
80,12,1,a,h2,84
80,12,1,a,us,95
80,12,1,a,t1,96
80,12,1,a,t2,88
80,12,1,b,h1,75
80,12,1,b,h2,82
80,12,1,b,us,97
80,12,1,b,t1,91
80,12,1,b,t2,97
80,13,1,a,h1,77
80,13,1,a,h2,90
80,13,1,a,us,87
80,13,1,a,t1,88
80,13,1,a,t2,83
80,13,1,b,h1,92
80,13,1,b,h2,85
80,13,1,b,us,95
80,13,1,b,t1,95
80,13,1,b,t2,94
80,14,1,a,h1,91
80,14,1,a,h2,88
80,14,1,a,us,89
80,14,1,a,t1,86
80,14,1,a,t2,78
80,14,1,b,h1,79
80,14,1,b,h2,88
80,14,1,b,us,80
80,14,1,b,t1,90
80,14,1,b,t2,94
81,11,1,a,h1,96
81,11,1,a,h2,94
81,11,1,a,us,86
81,11,1,a,t1,79
81,11,1,a,t2,89
81,11,1,b,h1,79
81,11,1,b,h2,77
81,11,1,b,us,91
81,11,1,b,t1,92
81,11,1,b,t2,80
81,12,1,a,h1,100
81,12,1,a,h2,89
81,12,1,a,us,86
81,12,1,a,t1,100
81,12,1,a,t2,86
81,12,1,b,h1,91
81,12,1,b,h2,96
81,12,1,b,us,77
81,12,1,b,t1,77
81,12,1,b,t2,95
81,13,1,a,h1,87
81,13,1,a,h2,97
81,13,1,a,us,100
81,13,1,a,t1,85
81,13,1,a,t2,98
81,13,1,b,h1,93
81,13,1,b,h2,99
81,13,1,b,us,100
81,13,1,b,t1,86
81,13,1,b,t2,95
81,14,1,a,h1,76
81,14,1,a,h2,95
81,14,1,a,us,99
81,14,1,a,t1,83
81,14,1,a,t2,76
81,14,1,b,h1,90
81,14,1,b,h2,93
81,14,1,b,us,83
81,14,1,b,t1,86
81,14,1,b,t2,78
82,11,1,a,h1,89
82,11,1,a,h2,90
82,11,1,a,us,99
82,11,1,a,t1,86
82,11,1,a,t2,94
82,11,1,b,h1,95
82,11,1,b,h2,78
82,11,1,b,us,84
82,11,1,b,t1,80
82,11,1,b,t2,95
82,12,1,a,h1,93
82,12,1,a,h2,90
82,12,1,a,us,77
82,12,1,a,t1,77
82,12,1,a,t2,86
82,12,1,b,h1,77
82,12,1,b,h2,97
82,12,1,b,us,87
82,12,1,b,t1,76
82,12,1,b,t2,91
82,13,1,a,h1,91
82,13,1,a,h2,75
82,13,1,a,us,78
82,13,1,a,t1,97
82,13,1,a,t2,83
82,13,1,b,h1,82
82,13,1,b,h2,98
82,13,1,b,us,87
82,13,1,b,t1,88
82,13,1,b,t2,95
82,14,1,a,h1,92
82,14,1,a,h2,80
82,14,1,a,us,92
82,14,1,a,t1,96
82,14,1,a,t2,75
82,14,1,b,h1,78
82,14,1,b,h2,98
82,14,1,b,us,97
82,14,1,b,t1,85
82,14,1,b,t2,79
83,11,1,a,h1,95
83,11,1,a,h2,76
83,11,1,a,us,95
83,11,1,a,t1,86
83,11,1,a,t2,96
83,11,1,b,h1,99
83,11,1,b,h2,84
83,11,1,b,us,85
83,11,1,b,t1,83
83,11,1,b,t2,81
83,12,1,a,h1,77
83,12,1,a,h2,98
83,12,1,a,us,82
83,12,1,a,t1,81
83,12,1,a,t2,79
83,12,1,b,h1,81
83,12,1,b,h2,81
83,12,1,b,us,100
83,12,1,b,t1,75
83,12,1,b,t2,92
83,13,1,a,h1,88
83,13,1,a,h2,100
83,13,1,a,us,86
83,13,1,a,t1,96
83,13,1,a,t2,82
83,13,1,b,h1,77
83,13,1,b,h2,85
83,13,1,b,us,79
83,13,1,b,t1,97
83,13,1,b,t2,99
83,14,1,a,h1,78
83,14,1,a,h2,87
83,14,1,a,us,82
83,14,1,a,t1,99
83,14,1,a,t2,90
83,14,1,b,h1,88
83,14,1,b,h2,87
83,14,1,b,us,81
83,14,1,b,t1,76
83,14,1,b,t2,85
84,11,1,a,h1,85
84,11,1,a,h2,89
84,11,1,a,us,77
84,11,1,a,t1,78
84,11,1,a,t2,76
84,11,1,b,h1,82
84,11,1,b,h2,100
84,11,1,b,us,90
84,11,1,b,t1,76
84,11,1,b,t2,75
84,12,1,a,h1,89
84,12,1,a,h2,84
84,12,1,a,us,75
84,12,1,a,t1,96
84,12,1,a,t2,99
84,12,1,b,h1,86
84,12,1,b,h2,97
84,12,1,b,us,97
84,12,1,b,t1,98
84,12,1,b,t2,90
84,13,1,a,h1,85
84,13,1,a,h2,88
84,13,1,a,us,87
84,13,1,a,t1,98
84,13,1,a,t2,95
84,13,1,b,h1,78
84,13,1,b,h2,92
84,13,1,b,us,77
84,13,1,b,t1,84
84,13,1,b,t2,92
84,14,1,a,h1,78
84,14,1,a,h2,84
84,14,1,a,us,85
84,14,1,a,t1,100
84,14,1,a,t2,79
84,14,1,b,h1,93
84,14,1,b,h2,85
84,14,1,b,us,93
84,14,1,b,t1,95
84,14,1,b,t2,98
85,11,1,a,h1,85
85,11,1,a,h2,75
85,11,1,a,us,80
85,11,1,a,t1,84
85,11,1,a,t2,91
85,11,1,b,h1,98
85,11,1,b,h2,75
85,11,1,b,us,96
85,11,1,b,t1,99
85,11,1,b,t2,92
85,12,1,a,h1,94
85,12,1,a,h2,96
85,12,1,a,us,90
85,12,1,a,t1,81
85,12,1,a,t2,86
85,12,1,b,h1,82
85,12,1,b,h2,75
85,12,1,b,us,99
85,12,1,b,t1,88
85,12,1,b,t2,78
85,13,1,a,h1,78
85,13,1,a,h2,85
85,13,1,a,us,89
85,13,1,a,t1,85
85,13,1,a,t2,100
85,13,1,b,h1,88
85,13,1,b,h2,75
85,13,1,b,us,94
85,13,1,b,t1,91
85,13,1,b,t2,81
85,14,1,a,h1,100
85,14,1,a,h2,98
85,14,1,a,us,94
85,14,1,a,t1,84
85,14,1,a,t2,98
85,14,1,b,h1,95
85,14,1,b,h2,77
85,14,1,b,us,95
85,14,1,b,t1,94
85,14,1,b,t2,97
86,11,1,a,h1,91
86,11,1,a,h2,96
86,11,1,a,us,92
86,11,1,a,t1,91
86,11,1,a,t2,88
86,11,1,b,h1,83
86,11,1,b,h2,98
86,11,1,b,us,78
86,11,1,b,t1,94
86,11,1,b,t2,85
86,12,1,a,h1,97
86,12,1,a,h2,83
86,12,1,a,us,78
86,12,1,a,t1,97
86,12,1,a,t2,98
86,12,1,b,h1,97
86,12,1,b,h2,88
86,12,1,b,us,78
86,12,1,b,t1,85
86,12,1,b,t2,94
86,13,1,a,h1,81
86,13,1,a,h2,77
86,13,1,a,us,87
86,13,1,a,t1,97
86,13,1,a,t2,80
86,13,1,b,h1,99
86,13,1,b,h2,77
86,13,1,b,us,84
86,13,1,b,t1,100
86,13,1,b,t2,77
86,14,1,a,h1,100
86,14,1,a,h2,81
86,14,1,a,us,88
86,14,1,a,t1,82
86,14,1,a,t2,89
86,14,1,b,h1,87
86,14,1,b,h2,81
86,14,1,b,us,85
86,14,1,b,t1,82
86,14,1,b,t2,83
87,11,1,a,h1,99
87,11,1,a,h2,84
87,11,1,a,us,75
87,11,1,a,t1,89
87,11,1,a,t2,96
87,11,1,b,h1,88
87,11,1,b,h2,76
87,11,1,b,us,86
87,11,1,b,t1,83
87,11,1,b,t2,82
87,12,1,a,h1,77
87,12,1,a,h2,80
87,12,1,a,us,79
87,12,1,a,t1,90
87,12,1,a,t2,86
87,12,1,b,h1,78
87,12,1,b,h2,80
87,12,1,b,us,99
87,12,1,b,t1,97
87,12,1,b,t2,97
87,13,1,a,h1,93
87,13,1,a,h2,82
87,13,1,a,us,98
87,13,1,a,t1,98
87,13,1,a,t2,87
87,13,1,b,h1,78
87,13,1,b,h2,89
87,13,1,b,us,99
87,13,1,b,t1,83
87,13,1,b,t2,83
87,14,1,a,h1,99
87,14,1,a,h2,100
87,14,1,a,us,76
87,14,1,a,t1,98
87,14,1,a,t2,94
87,14,1,b,h1,82
87,14,1,b,h2,86
87,14,1,b,us,98
87,14,1,b,t1,94
87,14,1,b,t2,88
88,11,1,a,h1,94
88,11,1,a,h2,90
88,11,1,a,us,85
88,11,1,a,t1,76
88,11,1,a,t2,77
88,11,1,b,h1,82
88,11,1,b,h2,83
88,11,1,b,us,81
88,11,1,b,t1,79
88,11,1,b,t2,87
88,12,1,a,h1,91
88,12,1,a,h2,81
88,12,1,a,us,77
88,12,1,a,t1,78
88,12,1,a,t2,80
88,12,1,b,h1,92
88,12,1,b,h2,79
88,12,1,b,us,77
88,12,1,b,t1,99
88,12,1,b,t2,86
88,13,1,a,h1,81
88,13,1,a,h2,76
88,13,1,a,us,80
88,13,1,a,t1,80
88,13,1,a,t2,88
88,13,1,b,h1,94
88,13,1,b,h2,97
88,13,1,b,us,85
88,13,1,b,t1,96
88,13,1,b,t2,82
88,14,1,a,h1,92
88,14,1,a,h2,96
88,14,1,a,us,81
88,14,1,a,t1,95
88,14,1,a,t2,76
88,14,1,b,h1,93
88,14,1,b,h2,88
88,14,1,b,us,95
88,14,1,b,t1,91
88,14,1,b,t2,94
89,11,1,a,h1,76
89,11,1,a,h2,89
89,11,1,a,us,92
89,11,1,a,t1,85
89,11,1,a,t2,79
89,11,1,b,h1,82
89,11,1,b,h2,89
89,11,1,b,us,95
89,11,1,b,t1,93
89,11,1,b,t2,92
89,12,1,a,h1,88
89,12,1,a,h2,77
89,12,1,a,us,87
89,12,1,a,t1,96
89,12,1,a,t2,77
89,12,1,b,h1,76
89,12,1,b,h2,96
89,12,1,b,us,90
89,12,1,b,t1,97
89,12,1,b,t2,87
89,13,1,a,h1,84
89,13,1,a,h2,78
89,13,1,a,us,83
89,13,1,a,t1,85
89,13,1,a,t2,77
89,13,1,b,h1,87
89,13,1,b,h2,91
89,13,1,b,us,87
89,13,1,b,t1,98
89,13,1,b,t2,97
89,14,1,a,h1,75
89,14,1,a,h2,95
89,14,1,a,us,80
89,14,1,a,t1,93
89,14,1,a,t2,94
89,14,1,b,h1,95
89,14,1,b,h2,92
89,14,1,b,us,96
89,14,1,b,t1,84
89,14,1,b,t2,81
90,11,1,a,h1,88
90,11,1,a,h2,76
90,11,1,a,us,86
90,11,1,a,t1,92
90,11,1,a,t2,96
90,11,1,b,h1,83
90,11,1,b,h2,78
90,11,1,b,us,85
90,11,1,b,t1,82
90,11,1,b,t2,96
90,12,1,a,h1,88
90,12,1,a,h2,84
90,12,1,a,us,77
90,12,1,a,t1,92
90,12,1,a,t2,85
90,12,1,b,h1,88
90,12,1,b,h2,85
90,12,1,b,us,92
90,12,1,b,t1,91
90,12,1,b,t2,93
90,13,1,a,h1,82
90,13,1,a,h2,88
90,13,1,a,us,99
90,13,1,a,t1,88
90,13,1,a,t2,81
90,13,1,b,h1,94
90,13,1,b,h2,82
90,13,1,b,us,100
90,13,1,b,t1,83
90,13,1,b,t2,89
90,14,1,a,h1,99
90,14,1,a,h2,77
90,14,1,a,us,82
90,14,1,a,t1,81
90,14,1,a,t2,79
90,14,1,b,h1,82
90,14,1,b,h2,82
90,14,1,b,us,85
90,14,1,b,t1,93
90,14,1,b,t2,97
91,11,1,a,h1,84
91,11,1,a,h2,98
91,11,1,a,us,86
91,11,1,a,t1,99
91,11,1,a,t2,80
91,11,1,b,h1,94
91,11,1,b,h2,85
91,11,1,b,us,81
91,11,1,b,t1,82
91,11,1,b,t2,81
91,12,1,a,h1,77
91,12,1,a,h2,84
91,12,1,a,us,97
91,12,1,a,t1,95
91,12,1,a,t2,80
91,12,1,b,h1,80
91,12,1,b,h2,77
91,12,1,b,us,95
91,12,1,b,t1,94
91,12,1,b,t2,97
91,13,1,a,h1,97
91,13,1,a,h2,84
91,13,1,a,us,91
91,13,1,a,t1,84
91,13,1,a,t2,93
91,13,1,b,h1,76
91,13,1,b,h2,81
91,13,1,b,us,86
91,13,1,b,t1,91
91,13,1,b,t2,98
91,14,1,a,h1,81
91,14,1,a,h2,92
91,14,1,a,us,85
91,14,1,a,t1,98
91,14,1,a,t2,82
91,14,1,b,h1,91
91,14,1,b,h2,76
91,14,1,b,us,77
91,14,1,b,t1,88
91,14,1,b,t2,93
92,11,1,a,h1,92
92,11,1,a,h2,76
92,11,1,a,us,84
92,11,1,a,t1,97
92,11,1,a,t2,96
92,11,1,b,h1,93
92,11,1,b,h2,77
92,11,1,b,us,96
92,11,1,b,t1,75
92,11,1,b,t2,100
92,12,1,a,h1,82
92,12,1,a,h2,82
92,12,1,a,us,91
92,12,1,a,t1,77
92,12,1,a,t2,92
92,12,1,b,h1,83
92,12,1,b,h2,81
92,12,1,b,us,92
92,12,1,b,t1,100
92,12,1,b,t2,96
92,13,1,a,h1,90
92,13,1,a,h2,84
92,13,1,a,us,75
92,13,1,a,t1,91
92,13,1,a,t2,79
92,13,1,b,h1,86
92,13,1,b,h2,86
92,13,1,b,us,100
92,13,1,b,t1,92
92,13,1,b,t2,84
92,14,1,a,h1,91
92,14,1,a,h2,98
92,14,1,a,us,91
92,14,1,a,t1,87
92,14,1,a,t2,98
92,14,1,b,h1,91
92,14,1,b,h2,77
92,14,1,b,us,82
92,14,1,b,t1,77
92,14,1,b,t2,75
124,11,1,a,h1,86
124,11,1,a,h2,89
124,11,1,a,us,88
124,11,1,a,t1,96
124,11,1,a,t2,93
124,11,1,b,h1,99
124,11,1,b,h2,92
124,11,1,b,us,78
124,11,1,b,t1,85
124,11,1,b,t2,75
124,12,1,a,h1,78
124,12,1,a,h2,100
124,12,1,a,us,83
124,12,1,a,t1,77
124,12,1,a,t2,79
124,12,1,b,h1,82
124,12,1,b,h2,80
124,12,1,b,us,93
124,12,1,b,t1,80
124,12,1,b,t2,100
124,13,1,a,h1,91
124,13,1,a,h2,92
124,13,1,a,us,97
124,13,1,a,t1,89
124,13,1,a,t2,75
124,13,1,b,h1,80
124,13,1,b,h2,79
124,13,1,b,us,86
124,13,1,b,t1,85
124,13,1,b,t2,83
124,14,1,a,h1,85
124,14,1,a,h2,95
124,14,1,a,us,88
124,14,1,a,t1,87
124,14,1,a,t2,94
124,14,1,b,h1,98
124,14,1,b,h2,98
124,14,1,b,us,79
124,14,1,b,t1,77
124,14,1,b,t2,96
125,11,1,a,h1,83
125,11,1,a,h2,76
125,11,1,a,us,98
125,11,1,a,t1,92
125,11,1,a,t2,81
125,11,1,b,h1,93
125,11,1,b,h2,84
125,11,1,b,us,95
125,11,1,b,t1,84
125,11,1,b,t2,95
125,12,1,a,h1,91
125,12,1,a,h2,78
125,12,1,a,us,88
125,12,1,a,t1,97
125,12,1,a,t2,88
125,12,1,b,h1,83
125,12,1,b,h2,80
125,12,1,b,us,97
125,12,1,b,t1,90
125,12,1,b,t2,75
125,13,1,a,h1,90
125,13,1,a,h2,79
125,13,1,a,us,95
125,13,1,a,t1,100
125,13,1,a,t2,88
125,13,1,b,h1,78
125,13,1,b,h2,89
125,13,1,b,us,92
125,13,1,b,t1,98
125,13,1,b,t2,76
125,14,1,a,h1,98
125,14,1,a,h2,75
125,14,1,a,us,83
125,14,1,a,t1,100
125,14,1,a,t2,95
125,14,1,b,h1,92
125,14,1,b,h2,83
125,14,1,b,us,97
125,14,1,b,t1,78
125,14,1,b,t2,96
126,11,1,a,h1,97
126,11,1,a,h2,90
126,11,1,a,us,99
126,11,1,a,t1,99
126,11,1,a,t2,78
126,11,1,b,h1,85
126,11,1,b,h2,78
126,11,1,b,us,77
126,11,1,b,t1,86
126,11,1,b,t2,86
126,12,1,a,h1,87
126,12,1,a,h2,83
126,12,1,a,us,96
126,12,1,a,t1,92
126,12,1,a,t2,78
126,12,1,b,h1,81
126,12,1,b,h2,83
126,12,1,b,us,82
126,12,1,b,t1,83
126,12,1,b,t2,85
126,13,1,a,h1,80
126,13,1,a,h2,79
126,13,1,a,us,84
126,13,1,a,t1,95
126,13,1,a,t2,78
126,13,1,b,h1,93
126,13,1,b,h2,93
126,13,1,b,us,81
126,13,1,b,t1,75
126,13,1,b,t2,98
126,14,1,a,h1,99
126,14,1,a,h2,80
126,14,1,a,us,97
126,14,1,a,t1,80
126,14,1,a,t2,81
126,14,1,b,h1,77
126,14,1,b,h2,78
126,14,1,b,us,89
126,14,1,b,t1,77
126,14,1,b,t2,81
127,11,1,a,h1,96
127,11,1,a,h2,94
127,11,1,a,us,85
127,11,1,a,t1,91
127,11,1,a,t2,87
127,11,1,b,h1,78
127,11,1,b,h2,86
127,11,1,b,us,91
127,11,1,b,t1,83
127,11,1,b,t2,88
127,12,1,a,h1,83
127,12,1,a,h2,91
127,12,1,a,us,96
127,12,1,a,t1,80
127,12,1,a,t2,80
127,12,1,b,h1,90
127,12,1,b,h2,76
127,12,1,b,us,78
127,12,1,b,t1,91
127,12,1,b,t2,80
127,13,1,a,h1,94
127,13,1,a,h2,81
127,13,1,a,us,84
127,13,1,a,t1,93
127,13,1,a,t2,86
127,13,1,b,h1,87
127,13,1,b,h2,81
127,13,1,b,us,83
127,13,1,b,t1,79
127,13,1,b,t2,90
127,14,1,a,h1,97
127,14,1,a,h2,88
127,14,1,a,us,75
127,14,1,a,t1,89
127,14,1,a,t2,83
127,14,1,b,h1,78
127,14,1,b,h2,83
127,14,1,b,us,92
127,14,1,b,t1,83
127,14,1,b,t2,76
128,11,1,a,h1,84
128,11,1,a,h2,97
128,11,1,a,us,94
128,11,1,a,t1,87
128,11,1,a,t2,82
128,11,1,b,h1,80
128,11,1,b,h2,100
128,11,1,b,us,99
128,11,1,b,t1,84
128,11,1,b,t2,96
128,12,1,a,h1,87
128,12,1,a,h2,93
128,12,1,a,us,97
128,12,1,a,t1,85
128,12,1,a,t2,78
128,12,1,b,h1,87
128,12,1,b,h2,76
128,12,1,b,us,77
128,12,1,b,t1,100
128,12,1,b,t2,91
128,13,1,a,h1,94
128,13,1,a,h2,84
128,13,1,a,us,93
128,13,1,a,t1,88
128,13,1,a,t2,98
128,13,1,b,h1,96
128,13,1,b,h2,91
128,13,1,b,us,82
128,13,1,b,t1,97
128,13,1,b,t2,87
128,14,1,a,h1,98
128,14,1,a,h2,76
128,14,1,a,us,83
128,14,1,a,t1,90
128,14,1,a,t2,85
128,14,1,b,h1,76
128,14,1,b,h2,84
128,14,1,b,us,92
128,14,1,b,t1,78
128,14,1,b,t2,94
129,11,1,a,h1,78
129,11,1,a,h2,93
129,11,1,a,us,95
129,11,1,a,t1,91
129,11,1,a,t2,81
129,11,1,b,h1,76
129,11,1,b,h2,83
129,11,1,b,us,79
129,11,1,b,t1,84
129,11,1,b,t2,75
129,12,1,a,h1,83
129,12,1,a,h2,88
129,12,1,a,us,79
129,12,1,a,t1,86
129,12,1,a,t2,92
129,12,1,b,h1,81
129,12,1,b,h2,91
129,12,1,b,us,78
129,12,1,b,t1,90
129,12,1,b,t2,85
129,13,1,a,h1,79
129,13,1,a,h2,85
129,13,1,a,us,81
129,13,1,a,t1,95
129,13,1,a,t2,75
129,13,1,b,h1,80
129,13,1,b,h2,83
129,13,1,b,us,80
129,13,1,b,t1,86
129,13,1,b,t2,81
129,14,1,a,h1,95
129,14,1,a,h2,81
129,14,1,a,us,80
129,14,1,a,t1,88
129,14,1,a,t2,91
129,14,1,b,h1,93
129,14,1,b,h2,89
129,14,1,b,us,79
129,14,1,b,t1,98
129,14,1,b,t2,96
130,11,1,a,h1,75
130,11,1,a,h2,80
130,11,1,a,us,91
130,11,1,a,t1,90
130,11,1,a,t2,96
130,11,1,b,h1,89
130,11,1,b,h2,100
130,11,1,b,us,93
130,11,1,b,t1,79
130,11,1,b,t2,76
130,12,1,a,h1,99
130,12,1,a,h2,96
130,12,1,a,us,78
130,12,1,a,t1,91
130,12,1,a,t2,99
130,12,1,b,h1,80
130,12,1,b,h2,89
130,12,1,b,us,100
130,12,1,b,t1,92
130,12,1,b,t2,84
130,13,1,a,h1,80
130,13,1,a,h2,76
130,13,1,a,us,93
130,13,1,a,t1,92
130,13,1,a,t2,93
130,13,1,b,h1,81
130,13,1,b,h2,75
130,13,1,b,us,96
130,13,1,b,t1,87
130,13,1,b,t2,92
130,14,1,a,h1,95
130,14,1,a,h2,92
130,14,1,a,us,77
130,14,1,a,t1,82
130,14,1,a,t2,96
130,14,1,b,h1,81
130,14,1,b,h2,84
130,14,1,b,us,87
130,14,1,b,t1,94
130,14,1,b,t2,79
131,11,1,a,h1,79
131,11,1,a,h2,83
131,11,1,a,us,84
131,11,1,a,t1,82
131,11,1,a,t2,84
131,11,1,b,h1,93
131,11,1,b,h2,80
131,11,1,b,us,95
131,11,1,b,t1,81
131,11,1,b,t2,98
131,12,1,a,h1,92
131,12,1,a,h2,99
131,12,1,a,us,90
131,12,1,a,t1,82
131,12,1,a,t2,79
131,12,1,b,h1,92
131,12,1,b,h2,97
131,12,1,b,us,83
131,12,1,b,t1,75
131,12,1,b,t2,93
131,13,1,a,h1,97
131,13,1,a,h2,89
131,13,1,a,us,86
131,13,1,a,t1,89
131,13,1,a,t2,83
131,13,1,b,h1,95
131,13,1,b,h2,75
131,13,1,b,us,83
131,13,1,b,t1,91
131,13,1,b,t2,96
131,14,1,a,h1,90
131,14,1,a,h2,86
131,14,1,a,us,78
131,14,1,a,t1,97
131,14,1,a,t2,91
131,14,1,b,h1,75
131,14,1,b,h2,80
131,14,1,b,us,91
131,14,1,b,t1,99
131,14,1,b,t2,85
132,11,1,a,h1,79
132,11,1,a,h2,83
132,11,1,a,us,87
132,11,1,a,t1,92
132,11,1,a,t2,94
132,11,1,b,h1,98
132,11,1,b,h2,75
132,11,1,b,us,94
132,11,1,b,t1,96
132,11,1,b,t2,75
132,12,1,a,h1,86
132,12,1,a,h2,76
132,12,1,a,us,77
132,12,1,a,t1,98
132,12,1,a,t2,92
132,12,1,b,h1,78
132,12,1,b,h2,79
132,12,1,b,us,91
132,12,1,b,t1,94
132,12,1,b,t2,82
132,13,1,a,h1,88
132,13,1,a,h2,76
132,13,1,a,us,78
132,13,1,a,t1,89
132,13,1,a,t2,91
132,13,1,b,h1,80
132,13,1,b,h2,76
132,13,1,b,us,98
132,13,1,b,t1,84
132,13,1,b,t2,92
132,14,1,a,h1,77
132,14,1,a,h2,77
132,14,1,a,us,100
132,14,1,a,t1,94
132,14,1,a,t2,75
132,14,1,b,h1,79
132,14,1,b,h2,98
132,14,1,b,us,91
132,14,1,b,t1,87
132,14,1,b,t2,95
133,11,1,a,h1,80
133,11,1,a,h2,83
133,11,1,a,us,85
133,11,1,a,t1,83
133,11,1,a,t2,93
133,11,1,b,h1,83
133,11,1,b,h2,91
133,11,1,b,us,77
133,11,1,b,t1,97
133,11,1,b,t2,94
133,12,1,a,h1,78
133,12,1,a,h2,81
133,12,1,a,us,85
133,12,1,a,t1,97
133,12,1,a,t2,86
133,12,1,b,h1,77
133,12,1,b,h2,85
133,12,1,b,us,77
133,12,1,b,t1,81
133,12,1,b,t2,77
133,13,1,a,h1,85
133,13,1,a,h2,81
133,13,1,a,us,97
133,13,1,a,t1,100
133,13,1,a,t2,98
133,13,1,b,h1,89
133,13,1,b,h2,86
133,13,1,b,us,90
133,13,1,b,t1,90
133,13,1,b,t2,97
133,14,1,a,h1,79
133,14,1,a,h2,88
133,14,1,a,us,85
133,14,1,a,t1,90
133,14,1,a,t2,81
133,14,1,b,h1,97
133,14,1,b,h2,85
133,14,1,b,us,77
133,14,1,b,t1,93
133,14,1,b,t2,77
134,11,1,a,h1,89
134,11,1,a,h2,98
134,11,1,a,us,84
134,11,1,a,t1,79
134,11,1,a,t2,79
134,11,1,b,h1,84
134,11,1,b,h2,93
134,11,1,b,us,95
134,11,1,b,t1,96
134,11,1,b,t2,79
134,12,1,a,h1,75
134,12,1,a,h2,99
134,12,1,a,us,99
134,12,1,a,t1,84
134,12,1,a,t2,75
134,12,1,b,h1,89
134,12,1,b,h2,85
134,12,1,b,us,78
134,12,1,b,t1,78
134,12,1,b,t2,98
134,13,1,a,h1,82
134,13,1,a,h2,86
134,13,1,a,us,96
134,13,1,a,t1,98
134,13,1,a,t2,97
134,13,1,b,h1,78
134,13,1,b,h2,86
134,13,1,b,us,88
134,13,1,b,t1,93
134,13,1,b,t2,86
134,14,1,a,h1,100
134,14,1,a,h2,76
134,14,1,a,us,95
134,14,1,a,t1,95
134,14,1,a,t2,100
134,14,1,b,h1,75
134,14,1,b,h2,80
134,14,1,b,us,99
134,14,1,b,t1,76
134,14,1,b,t2,82
135,11,1,a,h1,77
135,11,1,a,h2,97
135,11,1,a,us,82
135,11,1,a,t1,85
135,11,1,a,t2,97
135,11,1,b,h1,77
135,11,1,b,h2,95
135,11,1,b,us,83
135,11,1,b,t1,77
135,11,1,b,t2,75
135,12,1,a,h1,92
135,12,1,a,h2,83
135,12,1,a,us,89
135,12,1,a,t1,98
135,12,1,a,t2,100
135,12,1,b,h1,76
135,12,1,b,h2,98
135,12,1,b,us,94
135,12,1,b,t1,80
135,12,1,b,t2,91
135,13,1,a,h1,93
135,13,1,a,h2,91
135,13,1,a,us,81
135,13,1,a,t1,82
135,13,1,a,t2,93
135,13,1,b,h1,86
135,13,1,b,h2,76
135,13,1,b,us,97
135,13,1,b,t1,82
135,13,1,b,t2,100
135,14,1,a,h1,88
135,14,1,a,h2,79
135,14,1,a,us,87
135,14,1,a,t1,82
135,14,1,a,t2,96
135,14,1,b,h1,95
135,14,1,b,h2,100
135,14,1,b,us,93
135,14,1,b,t1,93
135,14,1,b,t2,80
136,11,1,a,h1,90
136,11,1,a,h2,83
136,11,1,a,us,98
136,11,1,a,t1,82
136,11,1,a,t2,82
136,11,1,b,h1,81
136,11,1,b,h2,86
136,11,1,b,us,100
136,11,1,b,t1,90
136,11,1,b,t2,89
136,12,1,a,h1,87
136,12,1,a,h2,92
136,12,1,a,us,95
136,12,1,a,t1,91
136,12,1,a,t2,95
136,12,1,b,h1,91
136,12,1,b,h2,94
136,12,1,b,us,81
136,12,1,b,t1,100
136,12,1,b,t2,79
136,13,1,a,h1,88
136,13,1,a,h2,94
136,13,1,a,us,99
136,13,1,a,t1,98
136,13,1,a,t2,90
136,13,1,b,h1,94
136,13,1,b,h2,95
136,13,1,b,us,78
136,13,1,b,t1,80
136,13,1,b,t2,88
136,14,1,a,h1,88
136,14,1,a,h2,86
136,14,1,a,us,88
136,14,1,a,t1,93
136,14,1,a,t2,98
136,14,1,b,h1,96
136,14,1,b,h2,81
136,14,1,b,us,75
136,14,1,b,t1,84
136,14,1,b,t2,93
137,11,1,a,h1,91
137,11,1,a,h2,89
137,11,1,a,us,83
137,11,1,a,t1,86
137,11,1,a,t2,81
137,11,1,b,h1,91
137,11,1,b,h2,99
137,11,1,b,us,86
137,11,1,b,t1,77
137,11,1,b,t2,86
137,12,1,a,h1,93
137,12,1,a,h2,98
137,12,1,a,us,79
137,12,1,a,t1,98
137,12,1,a,t2,84
137,12,1,b,h1,77
137,12,1,b,h2,85
137,12,1,b,us,92
137,12,1,b,t1,78
137,12,1,b,t2,97
137,13,1,a,h1,84
137,13,1,a,h2,87
137,13,1,a,us,98
137,13,1,a,t1,76
137,13,1,a,t2,91
137,13,1,b,h1,94
137,13,1,b,h2,84
137,13,1,b,us,85
137,13,1,b,t1,90
137,13,1,b,t2,97
137,14,1,a,h1,88
137,14,1,a,h2,99
137,14,1,a,us,97
137,14,1,a,t1,94
137,14,1,a,t2,80
137,14,1,b,h1,75
137,14,1,b,h2,86
137,14,1,b,us,76
137,14,1,b,t1,85
137,14,1,b,t2,77
138,11,1,a,h1,75
138,11,1,a,h2,78
138,11,1,a,us,97
138,11,1,a,t1,99
138,11,1,a,t2,97
138,11,1,b,h1,95
138,11,1,b,h2,82
138,11,1,b,us,78
138,11,1,b,t1,91
138,11,1,b,t2,88
138,12,1,a,h1,82
138,12,1,a,h2,82
138,12,1,a,us,78
138,12,1,a,t1,92
138,12,1,a,t2,76
138,12,1,b,h1,95
138,12,1,b,h2,93
138,12,1,b,us,90
138,12,1,b,t1,82
138,12,1,b,t2,77
138,13,1,a,h1,97
138,13,1,a,h2,95
138,13,1,a,us,79
138,13,1,a,t1,96
138,13,1,a,t2,96
138,13,1,b,h1,99
138,13,1,b,h2,84
138,13,1,b,us,93
138,13,1,b,t1,97
138,13,1,b,t2,86
138,14,1,a,h1,82
138,14,1,a,h2,100
138,14,1,a,us,91
138,14,1,a,t1,100
138,14,1,a,t2,83
138,14,1,b,h1,77
138,14,1,b,h2,81
138,14,1,b,us,78
138,14,1,b,t1,97
138,14,1,b,t2,95
139,11,1,a,h1,80
139,11,1,a,h2,78
139,11,1,a,us,76
139,11,1,a,t1,85
139,11,1,a,t2,92
139,11,1,b,h1,75
139,11,1,b,h2,80
139,11,1,b,us,78
139,11,1,b,t1,80
139,11,1,b,t2,87
139,12,1,a,h1,89
139,12,1,a,h2,92
139,12,1,a,us,84
139,12,1,a,t1,87
139,12,1,a,t2,96
139,12,1,b,h1,76
139,12,1,b,h2,82
139,12,1,b,us,91
139,12,1,b,t1,93
139,12,1,b,t2,97
139,13,1,a,h1,87
139,13,1,a,h2,90
139,13,1,a,us,95
139,13,1,a,t1,97
139,13,1,a,t2,98
139,13,1,b,h1,79
139,13,1,b,h2,94
139,13,1,b,us,100
139,13,1,b,t1,77
139,13,1,b,t2,91
139,14,1,a,h1,76
139,14,1,a,h2,76
139,14,1,a,us,83
139,14,1,a,t1,94
139,14,1,a,t2,85
139,14,1,b,h1,84
139,14,1,b,h2,99
139,14,1,b,us,83
139,14,1,b,t1,81
139,14,1,b,t2,97
140,11,1,a,h1,97
140,11,1,a,h2,92
140,11,1,a,us,98
140,11,1,a,t1,96
140,11,1,a,t2,95
140,11,1,b,h1,87
140,11,1,b,h2,88
140,11,1,b,us,86
140,11,1,b,t1,89
140,11,1,b,t2,75
140,12,1,a,h1,79
140,12,1,a,h2,92
140,12,1,a,us,89
140,12,1,a,t1,97
140,12,1,a,t2,86
140,12,1,b,h1,99
140,12,1,b,h2,76
140,12,1,b,us,94
140,12,1,b,t1,97
140,12,1,b,t2,97
140,13,1,a,h1,100
140,13,1,a,h2,80
140,13,1,a,us,86
140,13,1,a,t1,95
140,13,1,a,t2,92
140,13,1,b,h1,87
140,13,1,b,h2,87
140,13,1,b,us,97
140,13,1,b,t1,75
140,13,1,b,t2,75
140,14,1,a,h1,75
140,14,1,a,h2,96
140,14,1,a,us,77
140,14,1,a,t1,84
140,14,1,a,t2,88
140,14,1,b,h1,87
140,14,1,b,h2,89
140,14,1,b,us,77
140,14,1,b,t1,88
140,14,1,b,t2,89
141,11,1,a,h1,83
141,11,1,a,h2,95
141,11,1,a,us,83
141,11,1,a,t1,84
141,11,1,a,t2,82
141,11,1,b,h1,98
141,11,1,b,h2,77
141,11,1,b,us,96
141,11,1,b,t1,85
141,11,1,b,t2,79
141,12,1,a,h1,90
141,12,1,a,h2,100
141,12,1,a,us,94
141,12,1,a,t1,83
141,12,1,a,t2,75
141,12,1,b,h1,82
141,12,1,b,h2,79
141,12,1,b,us,89
141,12,1,b,t1,96
141,12,1,b,t2,96
141,13,1,a,h1,93
141,13,1,a,h2,92
141,13,1,a,us,84
141,13,1,a,t1,98
141,13,1,a,t2,99
141,13,1,b,h1,80
141,13,1,b,h2,77
141,13,1,b,us,93
141,13,1,b,t1,91
141,13,1,b,t2,75
141,14,1,a,h1,81
141,14,1,a,h2,85
141,14,1,a,us,99
141,14,1,a,t1,92
141,14,1,a,t2,83
141,14,1,b,h1,97
141,14,1,b,h2,89
141,14,1,b,us,84
141,14,1,b,t1,93
141,14,1,b,t2,77
142,11,1,a,h1,76
142,11,1,a,h2,76
142,11,1,a,us,87
142,11,1,a,t1,83
142,11,1,a,t2,96
142,11,1,b,h1,89
142,11,1,b,h2,90
142,11,1,b,us,99
142,11,1,b,t1,92
142,11,1,b,t2,97
142,12,1,a,h1,84
142,12,1,a,h2,88
142,12,1,a,us,81
142,12,1,a,t1,75
142,12,1,a,t2,99
142,12,1,b,h1,77
142,12,1,b,h2,85
142,12,1,b,us,97
142,12,1,b,t1,79
142,12,1,b,t2,97
142,13,1,a,h1,76
142,13,1,a,h2,93
142,13,1,a,us,87
142,13,1,a,t1,90
142,13,1,a,t2,92
142,13,1,b,h1,76
142,13,1,b,h2,75
142,13,1,b,us,84
142,13,1,b,t1,78
142,13,1,b,t2,82
142,14,1,a,h1,79
142,14,1,a,h2,85
142,14,1,a,us,75
142,14,1,a,t1,88
142,14,1,a,t2,83
142,14,1,b,h1,90
142,14,1,b,h2,89
142,14,1,b,us,82
142,14,1,b,t1,81
142,14,1,b,t2,80
143,11,1,a,h1,75
143,11,1,a,h2,95
143,11,1,a,us,76
143,11,1,a,t1,87
143,11,1,a,t2,94
143,11,1,b,h1,83
143,11,1,b,h2,90
143,11,1,b,us,88
143,11,1,b,t1,81
143,11,1,b,t2,81
143,12,1,a,h1,92
143,12,1,a,h2,94
143,12,1,a,us,95
143,12,1,a,t1,82
143,12,1,a,t2,91
143,12,1,b,h1,94
143,12,1,b,h2,91
143,12,1,b,us,83
143,12,1,b,t1,75
143,12,1,b,t2,90
143,13,1,a,h1,80
143,13,1,a,h2,93
143,13,1,a,us,78
143,13,1,a,t1,100
143,13,1,a,t2,78
143,13,1,b,h1,93
143,13,1,b,h2,76
143,13,1,b,us,85
143,13,1,b,t1,84
143,13,1,b,t2,84
143,14,1,a,h1,92
143,14,1,a,h2,88
143,14,1,a,us,85
143,14,1,a,t1,94
143,14,1,a,t2,78
143,14,1,b,h1,82
143,14,1,b,h2,87
143,14,1,b,us,98
143,14,1,b,t1,93
143,14,1,b,t2,82
144,11,1,a,h1,81
144,11,1,a,h2,96
144,11,1,a,us,83
144,11,1,a,t1,77
144,11,1,a,t2,92
144,11,1,b,h1,75
144,11,1,b,h2,94
144,11,1,b,us,79
144,11,1,b,t1,84
144,11,1,b,t2,94
144,12,1,a,h1,87
144,12,1,a,h2,78
144,12,1,a,us,99
144,12,1,a,t1,88
144,12,1,a,t2,88
144,12,1,b,h1,93
144,12,1,b,h2,86
144,12,1,b,us,76
144,12,1,b,t1,93
144,12,1,b,t2,91
144,13,1,a,h1,76
144,13,1,a,h2,96
144,13,1,a,us,85
144,13,1,a,t1,78
144,13,1,a,t2,81
144,13,1,b,h1,100
144,13,1,b,h2,97
144,13,1,b,us,91
144,13,1,b,t1,83
144,13,1,b,t2,90
144,14,1,a,h1,78
144,14,1,a,h2,82
144,14,1,a,us,98
144,14,1,a,t1,99
144,14,1,a,t2,88
144,14,1,b,h1,92
144,14,1,b,h2,90
144,14,1,b,us,77
144,14,1,b,t1,87
144,14,1,b,t2,98
145,11,1,a,h1,84
145,11,1,a,h2,80
145,11,1,a,us,86
145,11,1,a,t1,93
145,11,1,a,t2,96
145,11,1,b,h1,100
145,11,1,b,h2,100
145,11,1,b,us,96
145,11,1,b,t1,82
145,11,1,b,t2,79
145,12,1,a,h1,80
145,12,1,a,h2,81
145,12,1,a,us,84
145,12,1,a,t1,75
145,12,1,a,t2,85
145,12,1,b,h1,91
145,12,1,b,h2,87
145,12,1,b,us,88
145,12,1,b,t1,91
145,12,1,b,t2,91
145,13,1,a,h1,77
145,13,1,a,h2,86
145,13,1,a,us,88
145,13,1,a,t1,84
145,13,1,a,t2,87
145,13,1,b,h1,86
145,13,1,b,h2,82
145,13,1,b,us,79
145,13,1,b,t1,97
145,13,1,b,t2,81
145,14,1,a,h1,95
145,14,1,a,h2,91
145,14,1,a,us,88
145,14,1,a,t1,95
145,14,1,a,t2,80
145,14,1,b,h1,89
145,14,1,b,h2,78
145,14,1,b,us,77
145,14,1,b,t1,92
145,14,1,b,t2,79
146,11,1,a,h1,76
146,11,1,a,h2,91
146,11,1,a,us,84
146,11,1,a,t1,77
146,11,1,a,t2,95
146,11,1,b,h1,77
146,11,1,b,h2,90
146,11,1,b,us,87
146,11,1,b,t1,94
146,11,1,b,t2,80
146,12,1,a,h1,78
146,12,1,a,h2,86
146,12,1,a,us,94
146,12,1,a,t1,98
146,12,1,a,t2,95
146,12,1,b,h1,79
146,12,1,b,h2,88
146,12,1,b,us,87
146,12,1,b,t1,84
146,12,1,b,t2,86
146,13,1,a,h1,97
146,13,1,a,h2,77
146,13,1,a,us,100
146,13,1,a,t1,85
146,13,1,a,t2,98
146,13,1,b,h1,100
146,13,1,b,h2,81
146,13,1,b,us,79
146,13,1,b,t1,84
146,13,1,b,t2,84
146,14,1,a,h1,99
146,14,1,a,h2,79
146,14,1,a,us,83
146,14,1,a,t1,83
146,14,1,a,t2,98
146,14,1,b,h1,81
146,14,1,b,h2,98
146,14,1,b,us,95
146,14,1,b,t1,81
146,14,1,b,t2,88
147,11,1,a,h1,75
147,11,1,a,h2,80
147,11,1,a,us,90
147,11,1,a,t1,97
147,11,1,a,t2,85
147,11,1,b,h1,90
147,11,1,b,h2,94
147,11,1,b,us,87
147,11,1,b,t1,76
147,11,1,b,t2,88
147,12,1,a,h1,80
147,12,1,a,h2,80
147,12,1,a,us,91
147,12,1,a,t1,96
147,12,1,a,t2,85
147,12,1,b,h1,86
147,12,1,b,h2,85
147,12,1,b,us,87
147,12,1,b,t1,90
147,12,1,b,t2,88
147,13,1,a,h1,93
147,13,1,a,h2,81
147,13,1,a,us,87
147,13,1,a,t1,96
147,13,1,a,t2,97
147,13,1,b,h1,84
147,13,1,b,h2,84
147,13,1,b,us,80
147,13,1,b,t1,79
147,13,1,b,t2,77
147,14,1,a,h1,94
147,14,1,a,h2,82
147,14,1,a,us,80
147,14,1,a,t1,90
147,14,1,a,t2,94
147,14,1,b,h1,97
147,14,1,b,h2,95
147,14,1,b,us,98
147,14,1,b,t1,99
147,14,1,b,t2,79
148,11,1,a,h1,92
148,11,1,a,h2,84
148,11,1,a,us,83
148,11,1,a,t1,83
148,11,1,a,t2,86
148,11,1,b,h1,98
148,11,1,b,h2,80
148,11,1,b,us,100
148,11,1,b,t1,91
148,11,1,b,t2,82
148,12,1,a,h1,75
148,12,1,a,h2,81
148,12,1,a,us,77
148,12,1,a,t1,96
148,12,1,a,t2,81
148,12,1,b,h1,87
148,12,1,b,h2,90
148,12,1,b,us,83
148,12,1,b,t1,81
148,12,1,b,t2,99
148,13,1,a,h1,86
148,13,1,a,h2,88
148,13,1,a,us,85
148,13,1,a,t1,78
148,13,1,a,t2,96
148,13,1,b,h1,87
148,13,1,b,h2,90
148,13,1,b,us,98
148,13,1,b,t1,79
148,13,1,b,t2,99
148,14,1,a,h1,88
148,14,1,a,h2,75
148,14,1,a,us,82
148,14,1,a,t1,76
148,14,1,a,t2,97
148,14,1,b,h1,77
148,14,1,b,h2,98
148,14,1,b,us,90
148,14,1,b,t1,83
148,14,1,b,t2,80
149,11,1,a,h1,98
149,11,1,a,h2,80
149,11,1,a,us,76
149,11,1,a,t1,95
149,11,1,a,t2,76
149,11,1,b,h1,77
149,11,1,b,h2,91
149,11,1,b,us,97
149,11,1,b,t1,95
149,11,1,b,t2,79
149,12,1,a,h1,93
149,12,1,a,h2,81
149,12,1,a,us,88
149,12,1,a,t1,76
149,12,1,a,t2,92
149,12,1,b,h1,90
149,12,1,b,h2,87
149,12,1,b,us,85
149,12,1,b,t1,76
149,12,1,b,t2,83
149,13,1,a,h1,98
149,13,1,a,h2,85
149,13,1,a,us,81
149,13,1,a,t1,90
149,13,1,a,t2,100
149,13,1,b,h1,95
149,13,1,b,h2,91
149,13,1,b,us,87
149,13,1,b,t1,95
149,13,1,b,t2,95
149,14,1,a,h1,94
149,14,1,a,h2,95
149,14,1,a,us,81
149,14,1,a,t1,90
149,14,1,a,t2,75
149,14,1,b,h1,87
149,14,1,b,h2,76
149,14,1,b,us,76
149,14,1,b,t1,78
149,14,1,b,t2,93
150,11,1,a,h1,79
150,11,1,a,h2,98
150,11,1,a,us,75
150,11,1,a,t1,90
150,11,1,a,t2,87
150,11,1,b,h1,85
150,11,1,b,h2,86
150,11,1,b,us,82
150,11,1,b,t1,96
150,11,1,b,t2,89
150,12,1,a,h1,83
150,12,1,a,h2,88
150,12,1,a,us,87
150,12,1,a,t1,76
150,12,1,a,t2,79
150,12,1,b,h1,78
150,12,1,b,h2,88
150,12,1,b,us,84
150,12,1,b,t1,91
150,12,1,b,t2,100
150,13,1,a,h1,99
150,13,1,a,h2,99
150,13,1,a,us,80
150,13,1,a,t1,79
150,13,1,a,t2,100
150,13,1,b,h1,88
150,13,1,b,h2,76
150,13,1,b,us,98
150,13,1,b,t1,100
150,13,1,b,t2,78
150,14,1,a,h1,88
150,14,1,a,h2,97
150,14,1,a,us,93
150,14,1,a,t1,94
150,14,1,a,t2,88
150,14,1,b,h1,84
150,14,1,b,h2,91
150,14,1,b,us,88
150,14,1,b,t1,99
150,14,1,b,t2,88
151,11,1,a,h1,99
151,11,1,a,h2,98
151,11,1,a,us,76
151,11,1,a,t1,97
151,11,1,a,t2,91
151,11,1,b,h1,86
151,11,1,b,h2,88
151,11,1,b,us,76
151,11,1,b,t1,83
151,11,1,b,t2,89
151,12,1,a,h1,95
151,12,1,a,h2,100
151,12,1,a,us,78
151,12,1,a,t1,83
151,12,1,a,t2,99
151,12,1,b,h1,76
151,12,1,b,h2,80
151,12,1,b,us,78
151,12,1,b,t1,95
151,12,1,b,t2,78
151,13,1,a,h1,89
151,13,1,a,h2,75
151,13,1,a,us,89
151,13,1,a,t1,93
151,13,1,a,t2,90
151,13,1,b,h1,91
151,13,1,b,h2,98
151,13,1,b,us,94
151,13,1,b,t1,96
151,13,1,b,t2,87
151,14,1,a,h1,95
151,14,1,a,h2,81
151,14,1,a,us,98
151,14,1,a,t1,86
151,14,1,a,t2,98
151,14,1,b,h1,96
151,14,1,b,h2,99
151,14,1,b,us,87
151,14,1,b,t1,94
151,14,1,b,t2,86
152,11,1,a,h1,94
152,11,1,a,h2,95
152,11,1,a,us,78
152,11,1,a,t1,92
152,11,1,a,t2,87
152,11,1,b,h1,79
152,11,1,b,h2,98
152,11,1,b,us,85
152,11,1,b,t1,91
152,11,1,b,t2,88
152,12,1,a,h1,97
152,12,1,a,h2,83
152,12,1,a,us,88
152,12,1,a,t1,82
152,12,1,a,t2,96
152,12,1,b,h1,81
152,12,1,b,h2,82
152,12,1,b,us,100
152,12,1,b,t1,95
152,12,1,b,t2,81
152,13,1,a,h1,89
152,13,1,a,h2,83
152,13,1,a,us,98
152,13,1,a,t1,90
152,13,1,a,t2,82
152,13,1,b,h1,91
152,13,1,b,h2,83
152,13,1,b,us,88
152,13,1,b,t1,92
152,13,1,b,t2,81
152,14,1,a,h1,84
152,14,1,a,h2,79
152,14,1,a,us,95
152,14,1,a,t1,92
152,14,1,a,t2,81
152,14,1,b,h1,92
152,14,1,b,h2,97
152,14,1,b,us,76
152,14,1,b,t1,95
152,14,1,b,t2,78
153,11,1,a,h1,77
153,11,1,a,h2,99
153,11,1,a,us,90
153,11,1,a,t1,82
153,11,1,a,t2,85
153,11,1,b,h1,75
153,11,1,b,h2,87
153,11,1,b,us,92
153,11,1,b,t1,76
153,11,1,b,t2,76
153,12,1,a,h1,93
153,12,1,a,h2,99
153,12,1,a,us,84
153,12,1,a,t1,78
153,12,1,a,t2,78
153,12,1,b,h1,99
153,12,1,b,h2,97
153,12,1,b,us,86
153,12,1,b,t1,92
153,12,1,b,t2,83
153,13,1,a,h1,86
153,13,1,a,h2,86
153,13,1,a,us,85
153,13,1,a,t1,78
153,13,1,a,t2,76
153,13,1,b,h1,92
153,13,1,b,h2,92
153,13,1,b,us,76
153,13,1,b,t1,87
153,13,1,b,t2,86
153,14,1,a,h1,78
153,14,1,a,h2,87
153,14,1,a,us,78
153,14,1,a,t1,81
153,14,1,a,t2,85
153,14,1,b,h1,79
153,14,1,b,h2,91
153,14,1,b,us,99
153,14,1,b,t1,80
153,14,1,b,t2,92
154,11,1,a,h1,85
154,11,1,a,h2,75
154,11,1,a,us,97
154,11,1,a,t1,78
154,11,1,a,t2,94
154,11,1,b,h1,94
154,11,1,b,h2,98
154,11,1,b,us,87
154,11,1,b,t1,93
154,11,1,b,t2,99
154,12,1,a,h1,99
154,12,1,a,h2,82
154,12,1,a,us,99
154,12,1,a,t1,92
154,12,1,a,t2,83
154,12,1,b,h1,89
154,12,1,b,h2,91
154,12,1,b,us,92
154,12,1,b,t1,83
154,12,1,b,t2,91
154,13,1,a,h1,75
154,13,1,a,h2,97
154,13,1,a,us,90
154,13,1,a,t1,91
154,13,1,a,t2,81
154,13,1,b,h1,79
154,13,1,b,h2,88
154,13,1,b,us,87
154,13,1,b,t1,87
154,13,1,b,t2,90
154,14,1,a,h1,90
154,14,1,a,h2,91
154,14,1,a,us,91
154,14,1,a,t1,79
154,14,1,a,t2,80
154,14,1,b,h1,90
154,14,1,b,h2,82
154,14,1,b,us,85
154,14,1,b,t1,81
154,14,1,b,t2,80
161,11,1,a,h1,76
161,11,1,a,h2,93
161,11,1,a,us,96
161,11,1,a,t1,82
161,11,1,a,t2,82
161,11,1,b,h1,81
161,11,1,b,h2,89
161,11,1,b,us,81
161,11,1,b,t1,81
161,11,1,b,t2,93
161,12,1,a,h1,96
161,12,1,a,h2,91
161,12,1,a,us,91
161,12,1,a,t1,85
161,12,1,a,t2,93
161,12,1,b,h1,89
161,12,1,b,h2,91
161,12,1,b,us,82
161,12,1,b,t1,78
161,12,1,b,t2,91
161,13,1,a,h1,88
161,13,1,a,h2,90
161,13,1,a,us,87
161,13,1,a,t1,98
161,13,1,a,t2,81
161,13,1,b,h1,84
161,13,1,b,h2,78
161,13,1,b,us,77
161,13,1,b,t1,78
161,13,1,b,t2,91
161,14,1,a,h1,76
161,14,1,a,h2,97
161,14,1,a,us,75
161,14,1,a,t1,80
161,14,1,a,t2,85
161,14,1,b,h1,88
161,14,1,b,h2,96
161,14,1,b,us,91
161,14,1,b,t1,85
161,14,1,b,t2,81
162,11,1,a,h1,88
162,11,1,a,h2,89
162,11,1,a,us,82
162,11,1,a,t1,94
162,11,1,a,t2,96
162,11,1,b,h1,84
162,11,1,b,h2,80
162,11,1,b,us,97
162,11,1,b,t1,96
162,11,1,b,t2,78
162,12,1,a,h1,92
162,12,1,a,h2,80
162,12,1,a,us,96
162,12,1,a,t1,78
162,12,1,a,t2,97
162,12,1,b,h1,85
162,12,1,b,h2,94
162,12,1,b,us,97
162,12,1,b,t1,85
162,12,1,b,t2,78
162,13,1,a,h1,87
162,13,1,a,h2,97
162,13,1,a,us,95
162,13,1,a,t1,92
162,13,1,a,t2,90
162,13,1,b,h1,85
162,13,1,b,h2,97
162,13,1,b,us,94
162,13,1,b,t1,93
162,13,1,b,t2,98
162,14,1,a,h1,97
162,14,1,a,h2,92
162,14,1,a,us,93
162,14,1,a,t1,86
162,14,1,a,t2,92
162,14,1,b,h1,86
162,14,1,b,h2,77
162,14,1,b,us,96
162,14,1,b,t1,93
162,14,1,b,t2,84
163,11,1,a,h1,100
163,11,1,a,h2,84
163,11,1,a,us,83
163,11,1,a,t1,95
163,11,1,a,t2,99
163,11,1,b,h1,78
163,11,1,b,h2,90
163,11,1,b,us,81
163,11,1,b,t1,92
163,11,1,b,t2,81
163,12,1,a,h1,98
163,12,1,a,h2,92
163,12,1,a,us,98
163,12,1,a,t1,76
163,12,1,a,t2,86
163,12,1,b,h1,100
163,12,1,b,h2,79
163,12,1,b,us,90
163,12,1,b,t1,87
163,12,1,b,t2,83
163,13,1,a,h1,95
163,13,1,a,h2,78
163,13,1,a,us,87
163,13,1,a,t1,89
163,13,1,a,t2,99
163,13,1,b,h1,87
163,13,1,b,h2,93
163,13,1,b,us,93
163,13,1,b,t1,86
163,13,1,b,t2,81
163,14,1,a,h1,90
163,14,1,a,h2,89
163,14,1,a,us,95
163,14,1,a,t1,82
163,14,1,a,t2,79
163,14,1,b,h1,99
163,14,1,b,h2,75
163,14,1,b,us,78
163,14,1,b,t1,84
163,14,1,b,t2,94
164,11,1,a,h1,95
164,11,1,a,h2,76
164,11,1,a,us,76
164,11,1,a,t1,94
164,11,1,a,t2,95
164,11,1,b,h1,87
164,11,1,b,h2,84
164,11,1,b,us,96
164,11,1,b,t1,90
164,11,1,b,t2,78
164,12,1,a,h1,80
164,12,1,a,h2,79
164,12,1,a,us,80
164,12,1,a,t1,75
164,12,1,a,t2,83
164,12,1,b,h1,76
164,12,1,b,h2,78
164,12,1,b,us,81
164,12,1,b,t1,79
164,12,1,b,t2,88
164,13,1,a,h1,98
164,13,1,a,h2,76
164,13,1,a,us,84
164,13,1,a,t1,75
164,13,1,a,t2,78
164,13,1,b,h1,89
164,13,1,b,h2,75
164,13,1,b,us,78
164,13,1,b,t1,91
164,13,1,b,t2,97
164,14,1,a,h1,98
164,14,1,a,h2,88
164,14,1,a,us,82
164,14,1,a,t1,87
164,14,1,a,t2,81
164,14,1,b,h1,89
164,14,1,b,h2,91
164,14,1,b,us,79
164,14,1,b,t1,85
164,14,1,b,t2,82
165,11,1,a,h1,80
165,11,1,a,h2,98
165,11,1,a,us,88
165,11,1,a,t1,85
165,11,1,a,t2,98
165,11,1,b,h1,91
165,11,1,b,h2,80
165,11,1,b,us,96
165,11,1,b,t1,84
165,11,1,b,t2,99
165,12,1,a,h1,96
165,12,1,a,h2,99
165,12,1,a,us,80
165,12,1,a,t1,86
165,12,1,a,t2,100
165,12,1,b,h1,89
165,12,1,b,h2,77
165,12,1,b,us,83
165,12,1,b,t1,90
165,12,1,b,t2,90
165,13,1,a,h1,75
165,13,1,a,h2,94
165,13,1,a,us,97
165,13,1,a,t1,92
165,13,1,a,t2,88
165,13,1,b,h1,89
165,13,1,b,h2,77
165,13,1,b,us,77
165,13,1,b,t1,82
165,13,1,b,t2,82
165,14,1,a,h1,97
165,14,1,a,h2,76
165,14,1,a,us,83
165,14,1,a,t1,78
165,14,1,a,t2,81
165,14,1,b,h1,78
165,14,1,b,h2,77
165,14,1,b,us,95
165,14,1,b,t1,81
165,14,1,b,t2,85
166,11,1,a,h1,82
166,11,1,a,h2,84
166,11,1,a,us,99
166,11,1,a,t1,95
166,11,1,a,t2,91
166,11,1,b,h1,90
166,11,1,b,h2,84
166,11,1,b,us,88
166,11,1,b,t1,97
166,11,1,b,t2,92
166,12,1,a,h1,92
166,12,1,a,h2,82
166,12,1,a,us,86
166,12,1,a,t1,100
166,12,1,a,t2,97
166,12,1,b,h1,91
166,12,1,b,h2,86
166,12,1,b,us,97
166,12,1,b,t1,89
166,12,1,b,t2,86
166,13,1,a,h1,84
166,13,1,a,h2,97
166,13,1,a,us,79
166,13,1,a,t1,90
166,13,1,a,t2,92
166,13,1,b,h1,97
166,13,1,b,h2,90
166,13,1,b,us,99
166,13,1,b,t1,94
166,13,1,b,t2,89
166,14,1,a,h1,99
166,14,1,a,h2,100
166,14,1,a,us,96
166,14,1,a,t1,89
166,14,1,a,t2,79
166,14,1,b,h1,76
166,14,1,b,h2,83
166,14,1,b,us,87
166,14,1,b,t1,92
166,14,1,b,t2,92
173,11,1,a,h1,77
173,11,1,a,h2,99
173,11,1,a,us,75
173,11,1,a,t1,84
173,11,1,a,t2,75
173,11,1,b,h1,100
173,11,1,b,h2,92
173,11,1,b,us,80
173,11,1,b,t1,83
173,11,1,b,t2,82
173,12,1,a,h1,94
173,12,1,a,h2,85
173,12,1,a,us,84
173,12,1,a,t1,81
173,12,1,a,t2,82
173,12,1,b,h1,90
173,12,1,b,h2,84
173,12,1,b,us,95
173,12,1,b,t1,92
173,12,1,b,t2,84
173,13,1,a,h1,79
173,13,1,a,h2,99
173,13,1,a,us,86
173,13,1,a,t1,100
173,13,1,a,t2,77
173,13,1,b,h1,86
173,13,1,b,h2,75
173,13,1,b,us,85
173,13,1,b,t1,81
173,13,1,b,t2,87
173,14,1,a,h1,89
173,14,1,a,h2,96
173,14,1,a,us,84
173,14,1,a,t1,83
173,14,1,a,t2,82
173,14,1,b,h1,86
173,14,1,b,h2,96
173,14,1,b,us,84
173,14,1,b,t1,81
173,14,1,b,t2,88
174,11,1,a,h1,100
174,11,1,a,h2,90
174,11,1,a,us,89
174,11,1,a,t1,83
174,11,1,a,t2,77
174,11,1,b,h1,100
174,11,1,b,h2,76
174,11,1,b,us,96
174,11,1,b,t1,96
174,11,1,b,t2,96
174,12,1,a,h1,99
174,12,1,a,h2,86
174,12,1,a,us,95
174,12,1,a,t1,82
174,12,1,a,t2,100
174,12,1,b,h1,78
174,12,1,b,h2,96
174,12,1,b,us,91
174,12,1,b,t1,77
174,12,1,b,t2,81
174,13,1,a,h1,86
174,13,1,a,h2,95
174,13,1,a,us,87
174,13,1,a,t1,95
174,13,1,a,t2,89
174,13,1,b,h1,79
174,13,1,b,h2,85
174,13,1,b,us,100
174,13,1,b,t1,83
174,13,1,b,t2,100
174,14,1,a,h1,93
174,14,1,a,h2,84
174,14,1,a,us,84
174,14,1,a,t1,93
174,14,1,a,t2,88
174,14,1,b,h1,85
174,14,1,b,h2,81
174,14,1,b,us,76
174,14,1,b,t1,92
174,14,1,b,t2,81
175,11,1,a,h1,87
175,11,1,a,h2,87
175,11,1,a,us,97
175,11,1,a,t1,75
175,11,1,a,t2,82
175,11,1,b,h1,85
175,11,1,b,h2,76
175,11,1,b,us,92
175,11,1,b,t1,84
175,11,1,b,t2,78
175,12,1,a,h1,93
175,12,1,a,h2,97
175,12,1,a,us,78
175,12,1,a,t1,81
175,12,1,a,t2,93
175,12,1,b,h1,77
175,12,1,b,h2,83
175,12,1,b,us,99
175,12,1,b,t1,89
175,12,1,b,t2,89
175,13,1,a,h1,87
175,13,1,a,h2,88
175,13,1,a,us,92
175,13,1,a,t1,99
175,13,1,a,t2,89
175,13,1,b,h1,96
175,13,1,b,h2,85
175,13,1,b,us,80
175,13,1,b,t1,76
175,13,1,b,t2,91
175,14,1,a,h1,75
175,14,1,a,h2,94
175,14,1,a,us,84
175,14,1,a,t1,90
175,14,1,a,t2,75
175,14,1,b,h1,88
175,14,1,b,h2,92
175,14,1,b,us,84
175,14,1,b,t1,80
175,14,1,b,t2,83
176,11,1,a,h1,88
176,11,1,a,h2,88
176,11,1,a,us,77
176,11,1,a,t1,78
176,11,1,a,t2,100
176,11,1,b,h1,83
176,11,1,b,h2,79
176,11,1,b,us,94
176,11,1,b,t1,87
176,11,1,b,t2,91
176,12,1,a,h1,91
176,12,1,a,h2,94
176,12,1,a,us,91
176,12,1,a,t1,77
176,12,1,a,t2,99
176,12,1,b,h1,95
176,12,1,b,h2,96
176,12,1,b,us,80
176,12,1,b,t1,78
176,12,1,b,t2,77
176,13,1,a,h1,88
176,13,1,a,h2,100
176,13,1,a,us,93
176,13,1,a,t1,96
176,13,1,a,t2,98
176,13,1,b,h1,85
176,13,1,b,h2,82
176,13,1,b,us,81
176,13,1,b,t1,90
176,13,1,b,t2,87
176,14,1,a,h1,85
176,14,1,a,h2,96
176,14,1,a,us,89
176,14,1,a,t1,87
176,14,1,a,t2,87
176,14,1,b,h1,92
176,14,1,b,h2,79
176,14,1,b,us,91
176,14,1,b,t1,99
176,14,1,b,t2,75
177,11,1,a,h1,77
177,11,1,a,h2,91
177,11,1,a,us,81
177,11,1,a,t1,82
177,11,1,a,t2,81
177,11,1,b,h1,94
177,11,1,b,h2,77
177,11,1,b,us,91
177,11,1,b,t1,84
177,11,1,b,t2,98
177,12,1,a,h1,81
177,12,1,a,h2,98
177,12,1,a,us,88
177,12,1,a,t1,94
177,12,1,a,t2,77
177,12,1,b,h1,89
177,12,1,b,h2,79
177,12,1,b,us,82
177,12,1,b,t1,96
177,12,1,b,t2,88
177,13,1,a,h1,88
177,13,1,a,h2,97
177,13,1,a,us,93
177,13,1,a,t1,76
177,13,1,a,t2,99
177,13,1,b,h1,81
177,13,1,b,h2,86
177,13,1,b,us,75
177,13,1,b,t1,96
177,13,1,b,t2,94
177,14,1,a,h1,98
177,14,1,a,h2,76
177,14,1,a,us,94
177,14,1,a,t1,81
177,14,1,a,t2,95
177,14,1,b,h1,97
177,14,1,b,h2,87
177,14,1,b,us,86
177,14,1,b,t1,86
177,14,1,b,t2,95
178,11,1,a,h1,96
178,11,1,a,h2,92
178,11,1,a,us,75
178,11,1,a,t1,98
178,11,1,a,t2,80
178,11,1,b,h1,95
178,11,1,b,h2,100
178,11,1,b,us,79
178,11,1,b,t1,93
178,11,1,b,t2,83
178,12,1,a,h1,75
178,12,1,a,h2,78
178,12,1,a,us,79
178,12,1,a,t1,76
178,12,1,a,t2,99
178,12,1,b,h1,93
178,12,1,b,h2,89
178,12,1,b,us,78
178,12,1,b,t1,95
178,12,1,b,t2,87
178,13,1,a,h1,76
178,13,1,a,h2,95
178,13,1,a,us,84
178,13,1,a,t1,89
178,13,1,a,t2,86
178,13,1,b,h1,95
178,13,1,b,h2,75
178,13,1,b,us,99
178,13,1,b,t1,78
178,13,1,b,t2,99
178,14,1,a,h1,75
178,14,1,a,h2,92
178,14,1,a,us,91
178,14,1,a,t1,99
178,14,1,a,t2,92
178,14,1,b,h1,84
178,14,1,b,h2,76
178,14,1,b,us,92
178,14,1,b,t1,93
178,14,1,b,t2,95
179,11,1,a,h1,88
179,11,1,a,h2,93
179,11,1,a,us,77
179,11,1,a,t1,85
179,11,1,a,t2,94
179,11,1,b,h1,75
179,11,1,b,h2,77
179,11,1,b,us,96
179,11,1,b,t1,93
179,11,1,b,t2,100
179,12,1,a,h1,83
179,12,1,a,h2,99
179,12,1,a,us,80
179,12,1,a,t1,86
179,12,1,a,t2,94
179,12,1,b,h1,95
179,12,1,b,h2,78
179,12,1,b,us,86
179,12,1,b,t1,75
179,12,1,b,t2,83
179,13,1,a,h1,98
179,13,1,a,h2,77
179,13,1,a,us,85
179,13,1,a,t1,86
179,13,1,a,t2,89
179,13,1,b,h1,86
179,13,1,b,h2,93
179,13,1,b,us,94
179,13,1,b,t1,75
179,13,1,b,t2,85
179,14,1,a,h1,87
179,14,1,a,h2,80
179,14,1,a,us,80
179,14,1,a,t1,87
179,14,1,a,t2,98
179,14,1,b,h1,84
179,14,1,b,h2,88
179,14,1,b,us,87
179,14,1,b,t1,77
179,14,1,b,t2,76
