43,16,1,a,h1,89
43,16,1,a,h2,84
43,16,1,a,us,89
43,16,1,a,t1,85
43,16,1,a,t2,75
43,16,1,b,h1,96
43,16,1,b,h2,96
43,16,1,b,us,88
43,16,1,b,t1,87
43,16,1,b,t2,94
43,17,1,a,h1,89
43,17,1,a,h2,93
43,17,1,a,us,84
43,17,1,a,t1,80
43,17,1,a,t2,84
43,17,1,b,h1,98
43,17,1,b,h2,100
43,17,1,b,us,85
43,17,1,b,t1,95
43,17,1,b,t2,83
43,18,1,a,h1,89
43,18,1,a,h2,99
43,18,1,a,us,85
43,18,1,a,t1,82
43,18,1,a,t2,76
43,18,1,b,h1,94
43,18,1,b,h2,81
43,18,1,b,us,99
43,18,1,b,t1,85
43,18,1,b,t2,84
43,19,1,a,h1,76
43,19,1,a,h2,76
43,19,1,a,us,88
43,19,1,a,t1,97
43,19,1,a,t2,96
43,19,1,b,h1,100
43,19,1,b,h2,82
43,19,1,b,us,85
43,19,1,b,t1,82
43,19,1,b,t2,78
44,16,1,a,h1,83
44,16,1,a,h2,86
44,16,1,a,us,92
44,16,1,a,t1,85
44,16,1,a,t2,100
44,16,1,b,h1,91
44,16,1,b,h2,95
44,16,1,b,us,81
44,16,1,b,t1,90
44,16,1,b,t2,78
44,17,1,a,h1,95
44,17,1,a,h2,95
44,17,1,a,us,92
44,17,1,a,t1,96
44,17,1,a,t2,96
44,17,1,b,h1,89
44,17,1,b,h2,83
44,17,1,b,us,99
44,17,1,b,t1,82
44,17,1,b,t2,81
44,18,1,a,h1,99
44,18,1,a,h2,77
44,18,1,a,us,78
44,18,1,a,t1,76
44,18,1,a,t2,80
44,18,1,b,h1,98
44,18,1,b,h2,93
44,18,1,b,us,80
44,18,1,b,t1,100
44,18,1,b,t2,75
44,19,1,a,h1,100
44,19,1,a,h2,79
44,19,1,a,us,91
44,19,1,a,t1,97
44,19,1,a,t2,80
44,19,1,b,h1,75
44,19,1,b,h2,99
44,19,1,b,us,93
44,19,1,b,t1,94
44,19,1,b,t2,86
45,16,1,a,h1,98
45,16,1,a,h2,94
45,16,1,a,us,87
45,16,1,a,t1,76
45,16,1,a,t2,86
45,16,1,b,h1,84
45,16,1,b,h2,79
45,16,1,b,us,84
45,16,1,b,t1,79
45,16,1,b,t2,76
45,17,1,a,h1,78
45,17,1,a,h2,87
45,17,1,a,us,90
45,17,1,a,t1,78
45,17,1,a,t2,87
45,17,1,b,h1,79
45,17,1,b,h2,89
45,17,1,b,us,95
45,17,1,b,t1,82
45,17,1,b,t2,82
45,18,1,a,h1,90
45,18,1,a,h2,93
45,18,1,a,us,87
45,18,1,a,t1,97
45,18,1,a,t2,86
45,18,1,b,h1,81
45,18,1,b,h2,99
45,18,1,b,us,97
45,18,1,b,t1,86
45,18,1,b,t2,81
45,19,1,a,h1,82
45,19,1,a,h2,79
45,19,1,a,us,82
45,19,1,a,t1,89
45,19,1,a,t2,78
45,19,1,b,h1,93
45,19,1,b,h2,90
45,19,1,b,us,84
45,19,1,b,t1,80
45,19,1,b,t2,96
46,16,1,a,h1,88
46,16,1,a,h2,89
46,16,1,a,us,76
46,16,1,a,t1,87
46,16,1,a,t2,75
46,16,1,b,h1,99
46,16,1,b,h2,75
46,16,1,b,us,75
46,16,1,b,t1,77
46,16,1,b,t2,97
46,17,1,a,h1,82
46,17,1,a,h2,99
46,17,1,a,us,87
46,17,1,a,t1,76
46,17,1,a,t2,88
46,17,1,b,h1,86
46,17,1,b,h2,80
46,17,1,b,us,75
46,17,1,b,t1,82
46,17,1,b,t2,84
46,18,1,a,h1,93
46,18,1,a,h2,93
46,18,1,a,us,84
46,18,1,a,t1,82
46,18,1,a,t2,98
46,18,1,b,h1,87
46,18,1,b,h2,94
46,18,1,b,us,88
46,18,1,b,t1,75
46,18,1,b,t2,96
46,19,1,a,h1,81
46,19,1,a,h2,79
46,19,1,a,us,96
46,19,1,a,t1,86
46,19,1,a,t2,96
46,19,1,b,h1,83
46,19,1,b,h2,98
46,19,1,b,us,78
46,19,1,b,t1,78
46,19,1,b,t2,79
47,16,1,a,h1,92
47,16,1,a,h2,78
47,16,1,a,us,92
47,16,1,a,t1,93
47,16,1,a,t2,96
47,16,1,b,h1,93
47,16,1,b,h2,89
47,16,1,b,us,83
47,16,1,b,t1,100
47,16,1,b,t2,77
47,17,1,a,h1,89
47,17,1,a,h2,93
47,17,1,a,us,96
47,17,1,a,t1,90
47,17,1,a,t2,98
47,17,1,b,h1,88
47,17,1,b,h2,76
47,17,1,b,us,98
47,17,1,b,t1,75
47,17,1,b,t2,97
47,18,1,a,h1,87
47,18,1,a,h2,84
47,18,1,a,us,82
47,18,1,a,t1,100
47,18,1,a,t2,76
47,18,1,b,h1,92
47,18,1,b,h2,97
47,18,1,b,us,78
47,18,1,b,t1,99
47,18,1,b,t2,93
47,19,1,a,h1,98
47,19,1,a,h2,93
47,19,1,a,us,88
47,19,1,a,t1,93
47,19,1,a,t2,85
47,19,1,b,h1,84
47,19,1,b,h2,76
47,19,1,b,us,95
47,19,1,b,t1,86
47,19,1,b,t2,95
48,16,1,a,h1,87
48,16,1,a,h2,91
48,16,1,a,us,94
48,16,1,a,t1,88
48,16,1,a,t2,92
48,16,1,b,h1,81
48,16,1,b,h2,95
48,16,1,b,us,78
48,16,1,b,t1,92
48,16,1,b,t2,99
48,17,1,a,h1,80
48,17,1,a,h2,75
48,17,1,a,us,88
48,17,1,a,t1,84
48,17,1,a,t2,96
48,17,1,b,h1,97
48,17,1,b,h2,83
48,17,1,b,us,79
48,17,1,b,t1,88
48,17,1,b,t2,98
48,18,1,a,h1,84
48,18,1,a,h2,84
48,18,1,a,us,79
48,18,1,a,t1,88
48,18,1,a,t2,100
48,18,1,b,h1,78
48,18,1,b,h2,84
48,18,1,b,us,96
48,18,1,b,t1,95
48,18,1,b,t2,92
48,19,1,a,h1,96
48,19,1,a,h2,85
48,19,1,a,us,89
48,19,1,a,t1,98
48,19,1,a,t2,88
48,19,1,b,h1,94
48,19,1,b,h2,94
48,19,1,b,us,89
48,19,1,b,t1,75
48,19,1,b,t2,95
49,16,1,a,h1,93
49,16,1,a,h2,94
49,16,1,a,us,99
49,16,1,a,t1,98
49,16,1,a,t2,75
49,16,1,b,h1,89
49,16,1,b,h2,77
49,16,1,b,us,81
49,16,1,b,t1,93
49,16,1,b,t2,75
49,17,1,a,h1,97
49,17,1,a,h2,92
49,17,1,a,us,96
49,17,1,a,t1,90
49,17,1,a,t2,75
49,17,1,b,h1,97
49,17,1,b,h2,84
49,17,1,b,us,97
49,17,1,b,t1,96
49,17,1,b,t2,90
49,18,1,a,h1,86
49,18,1,a,h2,90
49,18,1,a,us,82
49,18,1,a,t1,99
49,18,1,a,t2,92
49,18,1,b,h1,99
49,18,1,b,h2,84
49,18,1,b,us,93
49,18,1,b,t1,89
49,18,1,b,t2,76
49,19,1,a,h1,80
49,19,1,a,h2,100
49,19,1,a,us,81
49,19,1,a,t1,80
49,19,1,a,t2,77
49,19,1,b,h1,85
49,19,1,b,h2,85
49,19,1,b,us,82
49,19,1,b,t1,84
49,19,1,b,t2,95
50,16,1,a,h1,94
50,16,1,a,h2,92
50,16,1,a,us,84
50,16,1,a,t1,93
50,16,1,a,t2,99
50,16,1,b,h1,80
50,16,1,b,h2,80
50,16,1,b,us,93
50,16,1,b,t1,83
50,16,1,b,t2,76
50,17,1,a,h1,93
50,17,1,a,h2,82
50,17,1,a,us,87
50,17,1,a,t1,79
50,17,1,a,t2,78
50,17,1,b,h1,92
50,17,1,b,h2,76
50,17,1,b,us,76
50,17,1,b,t1,95
50,17,1,b,t2,87
50,18,1,a,h1,99
50,18,1,a,h2,96
50,18,1,a,us,91
50,18,1,a,t1,95
50,18,1,a,t2,75
50,18,1,b,h1,98
50,18,1,b,h2,92
50,18,1,b,us,75
50,18,1,b,t1,91
50,18,1,b,t2,97
50,19,1,a,h1,96
50,19,1,a,h2,100
50,19,1,a,us,86
50,19,1,a,t1,82
50,19,1,a,t2,99
50,19,1,b,h1,82
50,19,1,b,h2,93
50,19,1,b,us,91
50,19,1,b,t1,97
50,19,1,b,t2,75
51,16,1,a,h1,89
51,16,1,a,h2,75
51,16,1,a,us,80
51,16,1,a,t1,81
51,16,1,a,t2,89
51,16,1,b,h1,81
51,16,1,b,h2,93
51,16,1,b,us,77
51,16,1,b,t1,88
51,16,1,b,t2,92
51,17,1,a,h1,87
51,17,1,a,h2,99
51,17,1,a,us,80
51,17,1,a,t1,81
51,17,1,a,t2,96
51,17,1,b,h1,77
51,17,1,b,h2,82
51,17,1,b,us,84
51,17,1,b,t1,93
51,17,1,b,t2,81
51,18,1,a,h1,97
51,18,1,a,h2,96
51,18,1,a,us,75
51,18,1,a,t1,84
51,18,1,a,t2,95
51,18,1,b,h1,94
51,18,1,b,h2,84
51,18,1,b,us,78
51,18,1,b,t1,92
51,18,1,b,t2,82
51,19,1,a,h1,92
51,19,1,a,h2,86
51,19,1,a,us,98
51,19,1,a,t1,89
51,19,1,a,t2,84
51,19,1,b,h1,88
51,19,1,b,h2,88
51,19,1,b,us,77
51,19,1,b,t1,87
51,19,1,b,t2,80
52,16,1,a,h1,90
52,16,1,a,h2,96
52,16,1,a,us,76
52,16,1,a,t1,91
52,16,1,a,t2,88
52,16,1,b,h1,87
52,16,1,b,h2,95
52,16,1,b,us,86
52,16,1,b,t1,77
52,16,1,b,t2,75
52,17,1,a,h1,78
52,17,1,a,h2,98
52,17,1,a,us,77
52,17,1,a,t1,94
52,17,1,a,t2,100
52,17,1,b,h1,94
52,17,1,b,h2,79
52,17,1,b,us,100
52,17,1,b,t1,84
52,17,1,b,t2,84
52,18,1,a,h1,91
52,18,1,a,h2,78
52,18,1,a,us,84
52,18,1,a,t1,83
52,18,1,a,t2,99
52,18,1,b,h1,75
52,18,1,b,h2,98
52,18,1,b,us,88
52,18,1,b,t1,92
52,18,1,b,t2,96
52,19,1,a,h1,90
52,19,1,a,h2,78
52,19,1,a,us,82
52,19,1,a,t1,92
52,19,1,a,t2,95
52,19,1,b,h1,100
52,19,1,b,h2,88
52,19,1,b,us,79
52,19,1,b,t1,92
52,19,1,b,t2,81
53,16,1,a,h1,98
53,16,1,a,h2,95
53,16,1,a,us,96
53,16,1,a,t1,94
53,16,1,a,t2,77
53,16,1,b,h1,98
53,16,1,b,h2,100
53,16,1,b,us,98
53,16,1,b,t1,81
53,16,1,b,t2,93
53,17,1,a,h1,98
53,17,1,a,h2,86
53,17,1,a,us,78
53,17,1,a,t1,75
53,17,1,a,t2,81
53,17,1,b,h1,75
53,17,1,b,h2,82
53,17,1,b,us,84
53,17,1,b,t1,95
53,17,1,b,t2,81
53,18,1,a,h1,93
53,18,1,a,h2,81
53,18,1,a,us,84
53,18,1,a,t1,81
53,18,1,a,t2,100
53,18,1,b,h1,94
53,18,1,b,h2,96
53,18,1,b,us,87
53,18,1,b,t1,78
53,18,1,b,t2,92
53,19,1,a,h1,77
53,19,1,a,h2,86
53,19,1,a,us,84
53,19,1,a,t1,90
53,19,1,a,t2,84
53,19,1,b,h1,84
53,19,1,b,h2,84
53,19,1,b,us,85
53,19,1,b,t1,93
53,19,1,b,t2,79
54,16,1,a,h1,78
54,16,1,a,h2,78
54,16,1,a,us,88
54,16,1,a,t1,91
54,16,1,a,t2,91
54,16,1,b,h1,77
54,16,1,b,h2,81
54,16,1,b,us,97
54,16,1,b,t1,90
54,16,1,b,t2,83
54,17,1,a,h1,94
54,17,1,a,h2,85
54,17,1,a,us,89
54,17,1,a,t1,83
54,17,1,a,t2,95
54,17,1,b,h1,96
54,17,1,b,h2,99
54,17,1,b,us,83
54,17,1,b,t1,78
54,17,1,b,t2,90
54,18,1,a,h1,98
54,18,1,a,h2,92
54,18,1,a,us,87
54,18,1,a,t1,91
54,18,1,a,t2,81
54,18,1,b,h1,81
54,18,1,b,h2,88
54,18,1,b,us,83
54,18,1,b,t1,84
54,18,1,b,t2,77
54,19,1,a,h1,82
54,19,1,a,h2,84
54,19,1,a,us,76
54,19,1,a,t1,92
54,19,1,a,t2,83
54,19,1,b,h1,100
54,19,1,b,h2,98
54,19,1,b,us,85
54,19,1,b,t1,90
54,19,1,b,t2,86
55,16,1,a,h1,76
55,16,1,a,h2,94
55,16,1,a,us,97
55,16,1,a,t1,94
55,16,1,a,t2,100
55,16,1,b,h1,80
55,16,1,b,h2,78
55,16,1,b,us,97
55,16,1,b,t1,77
55,16,1,b,t2,77
55,17,1,a,h1,96
55,17,1,a,h2,88
55,17,1,a,us,79
55,17,1,a,t1,77
55,17,1,a,t2,77
55,17,1,b,h1,85
55,17,1,b,h2,96
55,17,1,b,us,81
55,17,1,b,t1,77
55,17,1,b,t2,94
55,18,1,a,h1,98
55,18,1,a,h2,79
55,18,1,a,us,99
55,18,1,a,t1,96
55,18,1,a,t2,75
55,18,1,b,h1,82
55,18,1,b,h2,90
55,18,1,b,us,93
55,18,1,b,t1,76
55,18,1,b,t2,84
55,19,1,a,h1,86
55,19,1,a,h2,84
55,19,1,a,us,93
55,19,1,a,t1,77
55,19,1,a,t2,78
55,19,1,b,h1,76
55,19,1,b,h2,88
55,19,1,b,us,75
55,19,1,b,t1,91
55,19,1,b,t2,77
56,16,1,a,h1,86
56,16,1,a,h2,95
56,16,1,a,us,78
56,16,1,a,t1,98
56,16,1,a,t2,84
56,16,1,b,h1,85
56,16,1,b,h2,86
56,16,1,b,us,80
56,16,1,b,t1,95
56,16,1,b,t2,83
56,17,1,a,h1,82
56,17,1,a,h2,78
56,17,1,a,us,93
56,17,1,a,t1,98
56,17,1,a,t2,88
56,17,1,b,h1,84
56,17,1,b,h2,92
56,17,1,b,us,81
56,17,1,b,t1,93
56,17,1,b,t2,92
56,18,1,a,h1,89
56,18,1,a,h2,91
56,18,1,a,us,75
56,18,1,a,t1,82
56,18,1,a,t2,78
56,18,1,b,h1,97
56,18,1,b,h2,100
56,18,1,b,us,78
56,18,1,b,t1,90
56,18,1,b,t2,80
56,19,1,a,h1,86
56,19,1,a,h2,93
56,19,1,a,us,84
56,19,1,a,t1,88
56,19,1,a,t2,86
56,19,1,b,h1,97
56,19,1,b,h2,79
56,19,1,b,us,94
56,19,1,b,t1,77
56,19,1,b,t2,97
57,16,1,a,h1,75
57,16,1,a,h2,93
57,16,1,a,us,77
57,16,1,a,t1,84
57,16,1,a,t2,89
57,16,1,b,h1,99
57,16,1,b,h2,95
57,16,1,b,us,92
57,16,1,b,t1,98
57,16,1,b,t2,76
57,17,1,a,h1,87
57,17,1,a,h2,87
57,17,1,a,us,86
57,17,1,a,t1,97
57,17,1,a,t2,96
57,17,1,b,h1,78
57,17,1,b,h2,85
57,17,1,b,us,75
57,17,1,b,t1,87
57,17,1,b,t2,92
57,18,1,a,h1,84
57,18,1,a,h2,78
57,18,1,a,us,89
57,18,1,a,t1,91
57,18,1,a,t2,93
57,18,1,b,h1,98
57,18,1,b,h2,99
57,18,1,b,us,88
57,18,1,b,t1,87
57,18,1,b,t2,81
57,19,1,a,h1,96
57,19,1,a,h2,90
57,19,1,a,us,98
57,19,1,a,t1,79
57,19,1,a,t2,99
57,19,1,b,h1,98
57,19,1,b,h2,97
57,19,1,b,us,93
57,19,1,b,t1,83
57,19,1,b,t2,97
58,16,1,a,h1,98
58,16,1,a,h2,81
58,16,1,a,us,90
58,16,1,a,t1,96
58,16,1,a,t2,79
58,16,1,b,h1,90
58,16,1,b,h2,99
58,16,1,b,us,85
58,16,1,b,t1,81
58,16,1,b,t2,78
58,17,1,a,h1,92
58,17,1,a,h2,90
58,17,1,a,us,92
58,17,1,a,t1,79
58,17,1,a,t2,87
58,17,1,b,h1,89
58,17,1,b,h2,88
58,17,1,b,us,98
58,17,1,b,t1,82
58,17,1,b,t2,77
58,18,1,a,h1,100
58,18,1,a,h2,76
58,18,1,a,us,84
58,18,1,a,t1,94
58,18,1,a,t2,99
58,18,1,b,h1,87
58,18,1,b,h2,100
58,18,1,b,us,75
58,18,1,b,t1,83
58,18,1,b,t2,77
58,19,1,a,h1,91
58,19,1,a,h2,89
58,19,1,a,us,96
58,19,1,a,t1,77
58,19,1,a,t2,88
58,19,1,b,h1,99
58,19,1,b,h2,88
58,19,1,b,us,79
58,19,1,b,t1,94
58,19,1,b,t2,81
59,16,1,a,h1,94
59,16,1,a,h2,93
59,16,1,a,us,80
59,16,1,a,t1,100
59,16,1,a,t2,84
59,16,1,b,h1,81
59,16,1,b,h2,83
59,16,1,b,us,93
59,16,1,b,t1,100
59,16,1,b,t2,77
59,17,1,a,h1,93
59,17,1,a,h2,96
59,17,1,a,us,99
59,17,1,a,t1,96
59,17,1,a,t2,75
59,17,1,b,h1,75
59,17,1,b,h2,79
59,17,1,b,us,89
59,17,1,b,t1,80
59,17,1,b,t2,98
59,18,1,a,h1,94
59,18,1,a,h2,75
59,18,1,a,us,79
59,18,1,a,t1,90
59,18,1,a,t2,80
59,18,1,b,h1,81
59,18,1,b,h2,90
59,18,1,b,us,98
59,18,1,b,t1,82
59,18,1,b,t2,80
59,19,1,a,h1,76
59,19,1,a,h2,86
59,19,1,a,us,85
59,19,1,a,t1,82
59,19,1,a,t2,98
59,19,1,b,h1,95
59,19,1,b,h2,94
59,19,1,b,us,82
59,19,1,b,t1,98
59,19,1,b,t2,93
60,16,1,a,h1,100
60,16,1,a,h2,84
60,16,1,a,us,98
60,16,1,a,t1,93
60,16,1,a,t2,83
60,16,1,b,h1,84
60,16,1,b,h2,87
60,16,1,b,us,79
60,16,1,b,t1,75
60,16,1,b,t2,97
60,17,1,a,h1,91
60,17,1,a,h2,94
60,17,1,a,us,77
60,17,1,a,t1,91
60,17,1,a,t2,76
60,17,1,b,h1,79
60,17,1,b,h2,88
60,17,1,b,us,88
60,17,1,b,t1,92
60,17,1,b,t2,91
60,18,1,a,h1,76
60,18,1,a,h2,91
60,18,1,a,us,89
60,18,1,a,t1,78
60,18,1,a,t2,97
60,18,1,b,h1,86
60,18,1,b,h2,79
60,18,1,b,us,84
60,18,1,b,t1,81
60,18,1,b,t2,100
60,19,1,a,h1,87
60,19,1,a,h2,75
60,19,1,a,us,82
60,19,1,a,t1,89
60,19,1,a,t2,86
60,19,1,b,h1,85
60,19,1,b,h2,95
60,19,1,b,us,81
60,19,1,b,t1,90
60,19,1,b,t2,94
61,16,1,a,h1,96
61,16,1,a,h2,100
61,16,1,a,us,79
61,16,1,a,t1,96
61,16,1,a,t2,79
61,16,1,b,h1,99
61,16,1,b,h2,86
61,16,1,b,us,75
61,16,1,b,t1,99
61,16,1,b,t2,77
61,17,1,a,h1,89
61,17,1,a,h2,78
61,17,1,a,us,80
61,17,1,a,t1,97
61,17,1,a,t2,82
61,17,1,b,h1,75
61,17,1,b,h2,97
61,17,1,b,us,82
61,17,1,b,t1,84
61,17,1,b,t2,76
61,18,1,a,h1,89
61,18,1,a,h2,77
61,18,1,a,us,96
61,18,1,a,t1,82
61,18,1,a,t2,84
61,18,1,b,h1,87
61,18,1,b,h2,77
61,18,1,b,us,81
61,18,1,b,t1,78
61,18,1,b,t2,88
61,19,1,a,h1,88
61,19,1,a,h2,98
61,19,1,a,us,86
61,19,1,a,t1,89
61,19,1,a,t2,100
61,19,1,b,h1,80
61,19,1,b,h2,75
61,19,1,b,us,94
61,19,1,b,t1,97
61,19,1,b,t2,90
62,16,1,a,h1,99
62,16,1,a,h2,95
62,16,1,a,us,90
62,16,1,a,t1,77
62,16,1,a,t2,84
62,16,1,b,h1,94
62,16,1,b,h2,84
62,16,1,b,us,86
62,16,1,b,t1,78
62,16,1,b,t2,94
62,17,1,a,h1,83
62,17,1,a,h2,95
62,17,1,a,us,89
62,17,1,a,t1,97
62,17,1,a,t2,96
62,17,1,b,h1,95
62,17,1,b,h2,82
62,17,1,b,us,86
62,17,1,b,t1,93
62,17,1,b,t2,96
62,18,1,a,h1,95
62,18,1,a,h2,79
62,18,1,a,us,99
62,18,1,a,t1,98
62,18,1,a,t2,94
62,18,1,b,h1,89
62,18,1,b,h2,98
62,18,1,b,us,78
62,18,1,b,t1,94
62,18,1,b,t2,89
62,19,1,a,h1,86
62,19,1,a,h2,81
62,19,1,a,us,75
62,19,1,a,t1,76
62,19,1,a,t2,76
62,19,1,b,h1,95
62,19,1,b,h2,100
62,19,1,b,us,75
62,19,1,b,t1,81
62,19,1,b,t2,96
63,16,1,a,h1,85
63,16,1,a,h2,98
63,16,1,a,us,94
63,16,1,a,t1,90
63,16,1,a,t2,96
63,16,1,b,h1,91
63,16,1,b,h2,97
63,16,1,b,us,96
63,16,1,b,t1,86
63,16,1,b,t2,75
63,17,1,a,h1,99
63,17,1,a,h2,98
63,17,1,a,us,92
63,17,1,a,t1,88
63,17,1,a,t2,89
63,17,1,b,h1,78
63,17,1,b,h2,79
63,17,1,b,us,89
63,17,1,b,t1,88
63,17,1,b,t2,95
63,18,1,a,h1,89
63,18,1,a,h2,95
63,18,1,a,us,96
63,18,1,a,t1,98
63,18,1,a,t2,94
63,18,1,b,h1,89
63,18,1,b,h2,91
63,18,1,b,us,100
63,18,1,b,t1,77
63,18,1,b,t2,81
63,19,1,a,h1,94
63,19,1,a,h2,80
63,19,1,a,us,83
63,19,1,a,t1,92
63,19,1,a,t2,91
63,19,1,b,h1,87
63,19,1,b,h2,99
63,19,1,b,us,93
63,19,1,b,t1,95
63,19,1,b,t2,87
64,16,1,a,h1,75
64,16,1,a,h2,80
64,16,1,a,us,95
64,16,1,a,t1,99
64,16,1,a,t2,76
64,16,1,b,h1,83
64,16,1,b,h2,100
64,16,1,b,us,90
64,16,1,b,t1,88
64,16,1,b,t2,88
64,17,1,a,h1,98
64,17,1,a,h2,90
64,17,1,a,us,87
64,17,1,a,t1,95
64,17,1,a,t2,99
64,17,1,b,h1,98
64,17,1,b,h2,76
64,17,1,b,us,76
64,17,1,b,t1,78
64,17,1,b,t2,77
64,18,1,a,h1,91
64,18,1,a,h2,85
64,18,1,a,us,84
64,18,1,a,t1,99
64,18,1,a,t2,98
64,18,1,b,h1,89
64,18,1,b,h2,99
64,18,1,b,us,86
64,18,1,b,t1,85
64,18,1,b,t2,83
64,19,1,a,h1,83
64,19,1,a,h2,90
64,19,1,a,us,75
64,19,1,a,t1,96
64,19,1,a,t2,80
64,19,1,b,h1,94
64,19,1,b,h2,99
64,19,1,b,us,94
64,19,1,b,t1,79
64,19,1,b,t2,80
65,16,1,a,h1,100
65,16,1,a,h2,98
65,16,1,a,us,80
65,16,1,a,t1,89
65,16,1,a,t2,85
65,16,1,b,h1,83
65,16,1,b,h2,83
65,16,1,b,us,75
65,16,1,b,t1,95
65,16,1,b,t2,75
65,17,1,a,h1,93
65,17,1,a,h2,99
65,17,1,a,us,91
65,17,1,a,t1,75
65,17,1,a,t2,97
65,17,1,b,h1,94
65,17,1,b,h2,86
65,17,1,b,us,95
65,17,1,b,t1,100
65,17,1,b,t2,75
65,18,1,a,h1,84
65,18,1,a,h2,85
65,18,1,a,us,79
65,18,1,a,t1,89
65,18,1,a,t2,98
65,18,1,b,h1,98
65,18,1,b,h2,89
65,18,1,b,us,84
65,18,1,b,t1,90
65,18,1,b,t2,81
65,19,1,a,h1,86
65,19,1,a,h2,99
65,19,1,a,us,100
65,19,1,a,t1,85
65,19,1,a,t2,93
65,19,1,b,h1,91
65,19,1,b,h2,75
65,19,1,b,us,79
65,19,1,b,t1,93
65,19,1,b,t2,76
66,16,1,a,h1,86
66,16,1,a,h2,92
66,16,1,a,us,96
66,16,1,a,t1,84
66,16,1,a,t2,76
66,16,1,b,h1,85
66,16,1,b,h2,80
66,16,1,b,us,99
66,16,1,b,t1,99
66,16,1,b,t2,90
66,17,1,a,h1,100
66,17,1,a,h2,80
66,17,1,a,us,84
66,17,1,a,t1,88
66,17,1,a,t2,97
66,17,1,b,h1,90
66,17,1,b,h2,97
66,17,1,b,us,84
66,17,1,b,t1,96
66,17,1,b,t2,86
66,18,1,a,h1,100
66,18,1,a,h2,81
66,18,1,a,us,91
66,18,1,a,t1,88
66,18,1,a,t2,87
66,18,1,b,h1,80
66,18,1,b,h2,88
66,18,1,b,us,96
66,18,1,b,t1,86
66,18,1,b,t2,88
66,19,1,a,h1,88
66,19,1,a,h2,76
66,19,1,a,us,80
66,19,1,a,t1,94
66,19,1,a,t2,76
66,19,1,b,h1,84
66,19,1,b,h2,75
66,19,1,b,us,85
66,19,1,b,t1,98
66,19,1,b,t2,99
67,16,1,a,h1,93
67,16,1,a,h2,84
67,16,1,a,us,80
67,16,1,a,t1,76
67,16,1,a,t2,84
67,16,1,b,h1,94
67,16,1,b,h2,94
67,16,1,b,us,77
67,16,1,b,t1,91
67,16,1,b,t2,92
67,17,1,a,h1,93
67,17,1,a,h2,90
67,17,1,a,us,98
67,17,1,a,t1,87
67,17,1,a,t2,75
67,17,1,b,h1,89
67,17,1,b,h2,94
67,17,1,b,us,92
67,17,1,b,t1,88
67,17,1,b,t2,98
67,18,1,a,h1,99
67,18,1,a,h2,95
67,18,1,a,us,75
67,18,1,a,t1,85
67,18,1,a,t2,87
67,18,1,b,h1,95
67,18,1,b,h2,84
67,18,1,b,us,94
67,18,1,b,t1,91
67,18,1,b,t2,84
67,19,1,a,h1,86
67,19,1,a,h2,99
67,19,1,a,us,90
67,19,1,a,t1,79
67,19,1,a,t2,91
67,19,1,b,h1,83
67,19,1,b,h2,93
67,19,1,b,us,75
67,19,1,b,t1,80
67,19,1,b,t2,81
105,16,1,a,h1,88
105,16,1,a,h2,100
105,16,1,a,us,85
105,16,1,a,t1,77
105,16,1,a,t2,85
105,16,1,b,h1,81
105,16,1,b,h2,78
105,16,1,b,us,88
105,16,1,b,t1,100
105,16,1,b,t2,97
105,17,1,a,h1,93
105,17,1,a,h2,78
105,17,1,a,us,80
105,17,1,a,t1,86
105,17,1,a,t2,99
105,17,1,b,h1,93
105,17,1,b,h2,94
105,17,1,b,us,87
105,17,1,b,t1,92
105,17,1,b,t2,89
105,18,1,a,h1,82
105,18,1,a,h2,87
105,18,1,a,us,80
105,18,1,a,t1,75
105,18,1,a,t2,94
105,18,1,b,h1,90
105,18,1,b,h2,82
105,18,1,b,us,83
105,18,1,b,t1,89
105,18,1,b,t2,83
105,19,1,a,h1,81
105,19,1,a,h2,90
105,19,1,a,us,95
105,19,1,a,t1,93
105,19,1,a,t2,98
105,19,1,b,h1,89
105,19,1,b,h2,79
105,19,1,b,us,99
105,19,1,b,t1,87
105,19,1,b,t2,75
106,16,1,a,h1,99
106,16,1,a,h2,93
106,16,1,a,us,83
106,16,1,a,t1,86
106,16,1,a,t2,97
106,16,1,b,h1,84
106,16,1,b,h2,83
106,16,1,b,us,91
106,16,1,b,t1,85
106,16,1,b,t2,83
106,17,1,a,h1,81
106,17,1,a,h2,81
106,17,1,a,us,96
106,17,1,a,t1,88
106,17,1,a,t2,93
106,17,1,b,h1,87
106,17,1,b,h2,90
106,17,1,b,us,75
106,17,1,b,t1,89
106,17,1,b,t2,79
106,18,1,a,h1,82
106,18,1,a,h2,90
106,18,1,a,us,94
106,18,1,a,t1,100
106,18,1,a,t2,86
106,18,1,b,h1,93
106,18,1,b,h2,90
106,18,1,b,us,96
106,18,1,b,t1,92
106,18,1,b,t2,76
106,19,1,a,h1,98
106,19,1,a,h2,96
106,19,1,a,us,93
106,19,1,a,t1,76
106,19,1,a,t2,99
106,19,1,b,h1,81
106,19,1,b,h2,91
106,19,1,b,us,89
106,19,1,b,t1,90
106,19,1,b,t2,88
107,16,1,a,h1,79
107,16,1,a,h2,95
107,16,1,a,us,81
107,16,1,a,t1,89
107,16,1,a,t2,94
107,16,1,b,h1,93
107,16,1,b,h2,79
107,16,1,b,us,78
107,16,1,b,t1,87
107,16,1,b,t2,78
107,17,1,a,h1,81
107,17,1,a,h2,81
107,17,1,a,us,97
107,17,1,a,t1,95
107,17,1,a,t2,93
107,17,1,b,h1,80
107,17,1,b,h2,90
107,17,1,b,us,83
107,17,1,b,t1,97
107,17,1,b,t2,83
107,18,1,a,h1,88
107,18,1,a,h2,95
107,18,1,a,us,94
107,18,1,a,t1,92
107,18,1,a,t2,85
107,18,1,b,h1,76
107,18,1,b,h2,76
107,18,1,b,us,89
107,18,1,b,t1,77
107,18,1,b,t2,97
107,19,1,a,h1,94
107,19,1,a,h2,91
107,19,1,a,us,83
107,19,1,a,t1,96
107,19,1,a,t2,75
107,19,1,b,h1,89
107,19,1,b,h2,76
107,19,1,b,us,98
107,19,1,b,t1,91
107,19,1,b,t2,96
108,16,1,a,h1,84
108,16,1,a,h2,92
108,16,1,a,us,99
108,16,1,a,t1,91
108,16,1,a,t2,100
108,16,1,b,h1,86
108,16,1,b,h2,100
108,16,1,b,us,79
108,16,1,b,t1,92
108,16,1,b,t2,100
108,17,1,a,h1,77
108,17,1,a,h2,89
108,17,1,a,us,91
108,17,1,a,t1,95
108,17,1,a,t2,80
108,17,1,b,h1,78
108,17,1,b,h2,76
108,17,1,b,us,88
108,17,1,b,t1,91
108,17,1,b,t2,75
108,18,1,a,h1,86
108,18,1,a,h2,77
108,18,1,a,us,97
108,18,1,a,t1,76
108,18,1,a,t2,88
108,18,1,b,h1,77
108,18,1,b,h2,85
108,18,1,b,us,95
108,18,1,b,t1,78
108,18,1,b,t2,90
108,19,1,a,h1,81
108,19,1,a,h2,85
108,19,1,a,us,98
108,19,1,a,t1,97
108,19,1,a,t2,94
108,19,1,b,h1,96
108,19,1,b,h2,76
108,19,1,b,us,96
108,19,1,b,t1,85
108,19,1,b,t2,76
109,16,1,a,h1,94
109,16,1,a,h2,91
109,16,1,a,us,81
109,16,1,a,t1,77
109,16,1,a,t2,83
109,16,1,b,h1,81
109,16,1,b,h2,87
109,16,1,b,us,89
109,16,1,b,t1,84
109,16,1,b,t2,90
109,17,1,a,h1,76
109,17,1,a,h2,99
109,17,1,a,us,95
109,17,1,a,t1,94
109,17,1,a,t2,94
109,17,1,b,h1,88
109,17,1,b,h2,86
109,17,1,b,us,96
109,17,1,b,t1,86
109,17,1,b,t2,84
109,18,1,a,h1,84
109,18,1,a,h2,87
109,18,1,a,us,86
109,18,1,a,t1,88
109,18,1,a,t2,75
109,18,1,b,h1,76
109,18,1,b,h2,99
109,18,1,b,us,88
109,18,1,b,t1,86
109,18,1,b,t2,92
109,19,1,a,h1,93
109,19,1,a,h2,86
109,19,1,a,us,94
109,19,1,a,t1,81
109,19,1,a,t2,77
109,19,1,b,h1,87
109,19,1,b,h2,91
109,19,1,b,us,80
109,19,1,b,t1,84
109,19,1,b,t2,90
110,16,1,a,h1,77
110,16,1,a,h2,85
110,16,1,a,us,80
110,16,1,a,t1,87
110,16,1,a,t2,80
110,16,1,b,h1,76
110,16,1,b,h2,98
110,16,1,b,us,94
110,16,1,b,t1,93
110,16,1,b,t2,93
110,17,1,a,h1,85
110,17,1,a,h2,80
110,17,1,a,us,83
110,17,1,a,t1,86
110,17,1,a,t2,83
110,17,1,b,h1,99
110,17,1,b,h2,88
110,17,1,b,us,76
110,17,1,b,t1,98
110,17,1,b,t2,91
110,18,1,a,h1,79
110,18,1,a,h2,86
110,18,1,a,us,97
110,18,1,a,t1,97
110,18,1,a,t2,100
110,18,1,b,h1,93
110,18,1,b,h2,89
110,18,1,b,us,93
110,18,1,b,t1,89
110,18,1,b,t2,87
110,19,1,a,h1,100
110,19,1,a,h2,98
110,19,1,a,us,88
110,19,1,a,t1,89
110,19,1,a,t2,78
110,19,1,b,h1,75
110,19,1,b,h2,81
110,19,1,b,us,87
110,19,1,b,t1,95
110,19,1,b,t2,100
111,16,1,a,h1,76
111,16,1,a,h2,82
111,16,1,a,us,76
111,16,1,a,t1,91
111,16,1,a,t2,90
111,16,1,b,h1,80
111,16,1,b,h2,78
111,16,1,b,us,88
111,16,1,b,t1,94
111,16,1,b,t2,91
111,17,1,a,h1,81
111,17,1,a,h2,75
111,17,1,a,us,79
111,17,1,a,t1,87
111,17,1,a,t2,84
111,17,1,b,h1,87
111,17,1,b,h2,94
111,17,1,b,us,86
111,17,1,b,t1,89
111,17,1,b,t2,84
111,18,1,a,h1,96
111,18,1,a,h2,98
111,18,1,a,us,80
111,18,1,a,t1,91
111,18,1,a,t2,78
111,18,1,b,h1,87
111,18,1,b,h2,92
111,18,1,b,us,85
111,18,1,b,t1,91
111,18,1,b,t2,92
111,19,1,a,h1,92
111,19,1,a,h2,77
111,19,1,a,us,80
111,19,1,a,t1,82
111,19,1,a,t2,94
111,19,1,b,h1,76
111,19,1,b,h2,82
111,19,1,b,us,76
111,19,1,b,t1,92
111,19,1,b,t2,99
112,16,1,a,h1,84
112,16,1,a,h2,87
112,16,1,a,us,99
112,16,1,a,t1,100
112,16,1,a,t2,78
112,16,1,b,h1,96
112,16,1,b,h2,88
112,16,1,b,us,99
112,16,1,b,t1,87
112,16,1,b,t2,92
112,17,1,a,h1,94
112,17,1,a,h2,88
112,17,1,a,us,87
112,17,1,a,t1,79
112,17,1,a,t2,89
112,17,1,b,h1,99
112,17,1,b,h2,86
112,17,1,b,us,86
112,17,1,b,t1,78
112,17,1,b,t2,94
112,18,1,a,h1,86
112,18,1,a,h2,96
112,18,1,a,us,94
112,18,1,a,t1,78
112,18,1,a,t2,90
112,18,1,b,h1,94
112,18,1,b,h2,90
112,18,1,b,us,87
112,18,1,b,t1,92
112,18,1,b,t2,75
112,19,1,a,h1,94
112,19,1,a,h2,77
112,19,1,a,us,89
112,19,1,a,t1,100
112,19,1,a,t2,96
112,19,1,b,h1,77
112,19,1,b,h2,75
112,19,1,b,us,77
112,19,1,b,t1,99
112,19,1,b,t2,94
113,16,1,a,h1,78
113,16,1,a,h2,85
113,16,1,a,us,90
113,16,1,a,t1,100
113,16,1,a,t2,88
113,16,1,b,h1,86
113,16,1,b,h2,88
113,16,1,b,us,79
113,16,1,b,t1,78
113,16,1,b,t2,88
113,17,1,a,h1,82
113,17,1,a,h2,81
113,17,1,a,us,100
113,17,1,a,t1,76
113,17,1,a,t2,94
113,17,1,b,h1,90
113,17,1,b,h2,96
113,17,1,b,us,84
113,17,1,b,t1,87
113,17,1,b,t2,75
113,18,1,a,h1,94
113,18,1,a,h2,96
113,18,1,a,us,83
113,18,1,a,t1,93
113,18,1,a,t2,100
113,18,1,b,h1,77
113,18,1,b,h2,93
113,18,1,b,us,78
113,18,1,b,t1,89
113,18,1,b,t2,97
113,19,1,a,h1,90
113,19,1,a,h2,84
113,19,1,a,us,96
113,19,1,a,t1,81
113,19,1,a,t2,82
113,19,1,b,h1,88
113,19,1,b,h2,83
113,19,1,b,us,86
113,19,1,b,t1,81
113,19,1,b,t2,76
114,16,1,a,h1,100
114,16,1,a,h2,79
114,16,1,a,us,96
114,16,1,a,t1,77
114,16,1,a,t2,82
114,16,1,b,h1,93
114,16,1,b,h2,77
114,16,1,b,us,100
114,16,1,b,t1,95
114,16,1,b,t2,83
114,17,1,a,h1,90
114,17,1,a,h2,76
114,17,1,a,us,92
114,17,1,a,t1,94
114,17,1,a,t2,96
114,17,1,b,h1,91
114,17,1,b,h2,83
114,17,1,b,us,94
114,17,1,b,t1,89
114,17,1,b,t2,99
114,18,1,a,h1,92
114,18,1,a,h2,91
114,18,1,a,us,80
114,18,1,a,t1,89
114,18,1,a,t2,87
114,18,1,b,h1,81
114,18,1,b,h2,76
114,18,1,b,us,78
114,18,1,b,t1,92
114,18,1,b,t2,85
114,19,1,a,h1,84
114,19,1,a,h2,86
114,19,1,a,us,85
114,19,1,a,t1,89
114,19,1,a,t2,81
114,19,1,b,h1,89
114,19,1,b,h2,86
114,19,1,b,us,79
114,19,1,b,t1,92
114,19,1,b,t2,84
115,16,1,a,h1,83
115,16,1,a,h2,94
115,16,1,a,us,97
115,16,1,a,t1,91
115,16,1,a,t2,75
115,16,1,b,h1,83
115,16,1,b,h2,87
115,16,1,b,us,79
115,16,1,b,t1,84
115,16,1,b,t2,95
115,17,1,a,h1,75
115,17,1,a,h2,87
115,17,1,a,us,85
115,17,1,a,t1,86
115,17,1,a,t2,78
115,17,1,b,h1,86
115,17,1,b,h2,94
115,17,1,b,us,85
115,17,1,b,t1,79
115,17,1,b,t2,99
115,18,1,a,h1,84
115,18,1,a,h2,92
115,18,1,a,us,88
115,18,1,a,t1,76
115,18,1,a,t2,99
115,18,1,b,h1,99
115,18,1,b,h2,99
115,18,1,b,us,87
115,18,1,b,t1,84
115,18,1,b,t2,90
115,19,1,a,h1,89
115,19,1,a,h2,80
115,19,1,a,us,80
115,19,1,a,t1,97
115,19,1,a,t2,77
115,19,1,b,h1,85
115,19,1,b,h2,93
115,19,1,b,us,79
115,19,1,b,t1,99
115,19,1,b,t2,82
116,16,1,a,h1,95
116,16,1,a,h2,90
116,16,1,a,us,77
116,16,1,a,t1,82
116,16,1,a,t2,80
116,16,1,b,h1,87
116,16,1,b,h2,95
116,16,1,b,us,95
116,16,1,b,t1,95
116,16,1,b,t2,88
116,17,1,a,h1,77
116,17,1,a,h2,93
116,17,1,a,us,94
116,17,1,a,t1,93
116,17,1,a,t2,91
116,17,1,b,h1,80
116,17,1,b,h2,81
116,17,1,b,us,75
116,17,1,b,t1,80
116,17,1,b,t2,88
116,18,1,a,h1,95
116,18,1,a,h2,91
116,18,1,a,us,98
116,18,1,a,t1,89
116,18,1,a,t2,84
116,18,1,b,h1,93
116,18,1,b,h2,87
116,18,1,b,us,89
116,18,1,b,t1,99
116,18,1,b,t2,81
116,19,1,a,h1,89
116,19,1,a,h2,93
116,19,1,a,us,94
116,19,1,a,t1,93
116,19,1,a,t2,90
116,19,1,b,h1,96
116,19,1,b,h2,84
116,19,1,b,us,77
116,19,1,b,t1,80
116,19,1,b,t2,97
117,16,1,a,h1,95
117,16,1,a,h2,88
117,16,1,a,us,88
117,16,1,a,t1,76
117,16,1,a,t2,88
117,16,1,b,h1,97
117,16,1,b,h2,96
117,16,1,b,us,78
117,16,1,b,t1,76
117,16,1,b,t2,79
117,17,1,a,h1,86
117,17,1,a,h2,84
117,17,1,a,us,96
117,17,1,a,t1,86
117,17,1,a,t2,77
117,17,1,b,h1,94
117,17,1,b,h2,80
117,17,1,b,us,78
117,17,1,b,t1,97
117,17,1,b,t2,97
117,18,1,a,h1,91
117,18,1,a,h2,95
117,18,1,a,us,98
117,18,1,a,t1,93
117,18,1,a,t2,93
117,18,1,b,h1,78
117,18,1,b,h2,99
117,18,1,b,us,79
117,18,1,b,t1,76
117,18,1,b,t2,86
117,19,1,a,h1,91
117,19,1,a,h2,89
117,19,1,a,us,88
117,19,1,a,t1,98
117,19,1,a,t2,89
117,19,1,b,h1,89
117,19,1,b,h2,82
117,19,1,b,us,77
117,19,1,b,t1,76
117,19,1,b,t2,91
118,16,1,a,h1,77
118,16,1,a,h2,95
118,16,1,a,us,81
118,16,1,a,t1,79
118,16,1,a,t2,76
118,16,1,b,h1,92
118,16,1,b,h2,85
118,16,1,b,us,76
118,16,1,b,t1,86
118,16,1,b,t2,86
118,17,1,a,h1,83
118,17,1,a,h2,86
118,17,1,a,us,90
118,17,1,a,t1,94
118,17,1,a,t2,90
118,17,1,b,h1,75
118,17,1,b,h2,100
118,17,1,b,us,99
118,17,1,b,t1,77
118,17,1,b,t2,99
118,18,1,a,h1,96
118,18,1,a,h2,89
118,18,1,a,us,90
118,18,1,a,t1,89
118,18,1,a,t2,98
118,18,1,b,h1,97
118,18,1,b,h2,95
118,18,1,b,us,94
118,18,1,b,t1,77
118,18,1,b,t2,99
118,19,1,a,h1,95
118,19,1,a,h2,81
118,19,1,a,us,94
118,19,1,a,t1,75
118,19,1,a,t2,75
118,19,1,b,h1,82
118,19,1,b,h2,96
118,19,1,b,us,90
118,19,1,b,t1,77
118,19,1,b,t2,98
119,16,1,a,h1,85
119,16,1,a,h2,84
119,16,1,a,us,96
119,16,1,a,t1,88
119,16,1,a,t2,83
119,16,1,b,h1,96
119,16,1,b,h2,100
119,16,1,b,us,79
119,16,1,b,t1,83
119,16,1,b,t2,80
119,17,1,a,h1,88
119,17,1,a,h2,90
119,17,1,a,us,83
119,17,1,a,t1,79
119,17,1,a,t2,80
119,17,1,b,h1,88
119,17,1,b,h2,97
119,17,1,b,us,84
119,17,1,b,t1,86
119,17,1,b,t2,86
119,18,1,a,h1,86
119,18,1,a,h2,89
119,18,1,a,us,80
119,18,1,a,t1,86
119,18,1,a,t2,84
119,18,1,b,h1,98
119,18,1,b,h2,75
119,18,1,b,us,86
119,18,1,b,t1,98
119,18,1,b,t2,87
119,19,1,a,h1,96
119,19,1,a,h2,90
119,19,1,a,us,97
119,19,1,a,t1,90
119,19,1,a,t2,97
119,19,1,b,h1,89
119,19,1,b,h2,100
119,19,1,b,us,87
119,19,1,b,t1,94
119,19,1,b,t2,85
120,16,1,a,h1,98
120,16,1,a,h2,90
120,16,1,a,us,87
120,16,1,a,t1,100
120,16,1,a,t2,87
120,16,1,b,h1,79
120,16,1,b,h2,84
120,16,1,b,us,92
120,16,1,b,t1,87
120,16,1,b,t2,85
120,17,1,a,h1,79
120,17,1,a,h2,90
120,17,1,a,us,96
120,17,1,a,t1,83
120,17,1,a,t2,90
120,17,1,b,h1,83
120,17,1,b,h2,98
120,17,1,b,us,98
120,17,1,b,t1,98
120,17,1,b,t2,97
120,18,1,a,h1,98
120,18,1,a,h2,95
120,18,1,a,us,78
120,18,1,a,t1,92
120,18,1,a,t2,84
120,18,1,b,h1,94
120,18,1,b,h2,87
120,18,1,b,us,88
120,18,1,b,t1,75
120,18,1,b,t2,99
120,19,1,a,h1,89
120,19,1,a,h2,99
120,19,1,a,us,90
120,19,1,a,t1,78
120,19,1,a,t2,96
120,19,1,b,h1,83
120,19,1,b,h2,76
120,19,1,b,us,78
120,19,1,b,t1,82
120,19,1,b,t2,100
121,16,1,a,h1,94
121,16,1,a,h2,94
121,16,1,a,us,97
121,16,1,a,t1,93
121,16,1,a,t2,99
121,16,1,b,h1,89
121,16,1,b,h2,94
121,16,1,b,us,87
121,16,1,b,t1,80
121,16,1,b,t2,87
121,17,1,a,h1,93
121,17,1,a,h2,97
121,17,1,a,us,81
121,17,1,a,t1,82
121,17,1,a,t2,88
121,17,1,b,h1,85
121,17,1,b,h2,83
121,17,1,b,us,76
121,17,1,b,t1,88
121,17,1,b,t2,98
121,18,1,a,h1,99
121,18,1,a,h2,80
121,18,1,a,us,91
121,18,1,a,t1,98
121,18,1,a,t2,97
121,18,1,b,h1,79
121,18,1,b,h2,99
121,18,1,b,us,86
121,18,1,b,t1,96
121,18,1,b,t2,95
121,19,1,a,h1,86
121,19,1,a,h2,97
121,19,1,a,us,91
121,19,1,a,t1,98
121,19,1,a,t2,99
121,19,1,b,h1,76
121,19,1,b,h2,86
121,19,1,b,us,83
121,19,1,b,t1,82
121,19,1,b,t2,89
122,16,1,a,h1,84
122,16,1,a,h2,88
122,16,1,a,us,95
122,16,1,a,t1,82
122,16,1,a,t2,97
122,16,1,b,h1,86
122,16,1,b,h2,90
122,16,1,b,us,79
122,16,1,b,t1,81
122,16,1,b,t2,90
122,17,1,a,h1,87
122,17,1,a,h2,82
122,17,1,a,us,96
122,17,1,a,t1,75
122,17,1,a,t2,83
122,17,1,b,h1,84
122,17,1,b,h2,100
122,17,1,b,us,79
122,17,1,b,t1,88
122,17,1,b,t2,84
122,18,1,a,h1,89
122,18,1,a,h2,100
122,18,1,a,us,95
122,18,1,a,t1,84
122,18,1,a,t2,92
122,18,1,b,h1,83
122,18,1,b,h2,85
122,18,1,b,us,96
122,18,1,b,t1,81
122,18,1,b,t2,75
122,19,1,a,h1,85
122,19,1,a,h2,93
122,19,1,a,us,91
122,19,1,a,t1,79
122,19,1,a,t2,88
122,19,1,b,h1,87
122,19,1,b,h2,77
122,19,1,b,us,93
122,19,1,b,t1,85
122,19,1,b,t2,99
123,16,1,a,h1,76
123,16,1,a,h2,98
123,16,1,a,us,80
123,16,1,a,t1,91
123,16,1,a,t2,86
123,16,1,b,h1,77
123,16,1,b,h2,96
123,16,1,b,us,75
123,16,1,b,t1,93
123,16,1,b,t2,100
123,17,1,a,h1,76
123,17,1,a,h2,77
123,17,1,a,us,90
123,17,1,a,t1,84
123,17,1,a,t2,83
123,17,1,b,h1,84
123,17,1,b,h2,95
123,17,1,b,us,89
123,17,1,b,t1,91
123,17,1,b,t2,98
123,18,1,a,h1,78
123,18,1,a,h2,91
123,18,1,a,us,85
123,18,1,a,t1,94
123,18,1,a,t2,89
123,18,1,b,h1,92
123,18,1,b,h2,83
123,18,1,b,us,89
123,18,1,b,t1,97
123,18,1,b,t2,83
123,19,1,a,h1,81
123,19,1,a,h2,87
123,19,1,a,us,80
123,19,1,a,t1,84
123,19,1,a,t2,79
123,19,1,b,h1,83
123,19,1,b,h2,89
123,19,1,b,us,76
123,19,1,b,t1,77
123,19,1,b,t2,80
155,16,1,a,h1,93
155,16,1,a,h2,84
155,16,1,a,us,96
155,16,1,a,t1,86
155,16,1,a,t2,82
155,16,1,b,h1,93
155,16,1,b,h2,97
155,16,1,b,us,90
155,16,1,b,t1,80
155,16,1,b,t2,96
155,17,1,a,h1,76
155,17,1,a,h2,91
155,17,1,a,us,92
155,17,1,a,t1,84
155,17,1,a,t2,95
155,17,1,b,h1,87
155,17,1,b,h2,89
155,17,1,b,us,90
155,17,1,b,t1,96
155,17,1,b,t2,86
155,18,1,a,h1,79
155,18,1,a,h2,100
155,18,1,a,us,81
155,18,1,a,t1,96
155,18,1,a,t2,75
155,18,1,b,h1,89
155,18,1,b,h2,85
155,18,1,b,us,76
155,18,1,b,t1,80
155,18,1,b,t2,85
155,19,1,a,h1,79
155,19,1,a,h2,85
155,19,1,a,us,97
155,19,1,a,t1,78
155,19,1,a,t2,89
155,19,1,b,h1,90
155,19,1,b,h2,79
155,19,1,b,us,86
155,19,1,b,t1,76
155,19,1,b,t2,75
156,16,1,a,h1,95
156,16,1,a,h2,87
156,16,1,a,us,76
156,16,1,a,t1,88
156,16,1,a,t2,97
156,16,1,b,h1,81
156,16,1,b,h2,99
156,16,1,b,us,85
156,16,1,b,t1,79
156,16,1,b,t2,80
156,17,1,a,h1,90
156,17,1,a,h2,81
156,17,1,a,us,87
156,17,1,a,t1,93
156,17,1,a,t2,75
156,17,1,b,h1,96
156,17,1,b,h2,97
156,17,1,b,us,78
156,17,1,b,t1,83
156,17,1,b,t2,97
156,18,1,a,h1,90
156,18,1,a,h2,77
156,18,1,a,us,84
156,18,1,a,t1,87
156,18,1,a,t2,75
156,18,1,b,h1,93
156,18,1,b,h2,94
156,18,1,b,us,78
156,18,1,b,t1,97
156,18,1,b,t2,81
156,19,1,a,h1,83
156,19,1,a,h2,97
156,19,1,a,us,94
156,19,1,a,t1,78
156,19,1,a,t2,76
156,19,1,b,h1,86
156,19,1,b,h2,77
156,19,1,b,us,77
156,19,1,b,t1,89
156,19,1,b,t2,96
157,16,1,a,h1,92
157,16,1,a,h2,75
157,16,1,a,us,78
157,16,1,a,t1,78
157,16,1,a,t2,89
157,16,1,b,h1,88
157,16,1,b,h2,91
157,16,1,b,us,94
157,16,1,b,t1,98
157,16,1,b,t2,96
157,17,1,a,h1,79
157,17,1,a,h2,89
157,17,1,a,us,76
157,17,1,a,t1,83
157,17,1,a,t2,85
157,17,1,b,h1,87
157,17,1,b,h2,84
157,17,1,b,us,83
157,17,1,b,t1,82
157,17,1,b,t2,77
157,18,1,a,h1,75
157,18,1,a,h2,75
157,18,1,a,us,77
157,18,1,a,t1,99
157,18,1,a,t2,96
157,18,1,b,h1,94
157,18,1,b,h2,84
157,18,1,b,us,95
157,18,1,b,t1,82
157,18,1,b,t2,94
157,19,1,a,h1,100
157,19,1,a,h2,89
157,19,1,a,us,100
157,19,1,a,t1,76
157,19,1,a,t2,96
157,19,1,b,h1,81
157,19,1,b,h2,94
157,19,1,b,us,79
157,19,1,b,t1,77
157,19,1,b,t2,92
158,16,1,a,h1,76
158,16,1,a,h2,95
158,16,1,a,us,100
158,16,1,a,t1,86
158,16,1,a,t2,99
158,16,1,b,h1,88
158,16,1,b,h2,87
158,16,1,b,us,96
158,16,1,b,t1,79
158,16,1,b,t2,92
158,17,1,a,h1,80
158,17,1,a,h2,87
158,17,1,a,us,83
158,17,1,a,t1,76
158,17,1,a,t2,76
158,17,1,b,h1,92
158,17,1,b,h2,84
158,17,1,b,us,77
158,17,1,b,t1,96
158,17,1,b,t2,97
158,18,1,a,h1,85
158,18,1,a,h2,77
158,18,1,a,us,75
158,18,1,a,t1,75
158,18,1,a,t2,75
158,18,1,b,h1,78
158,18,1,b,h2,89
158,18,1,b,us,97
158,18,1,b,t1,100
158,18,1,b,t2,86
158,19,1,a,h1,90
158,19,1,a,h2,87
158,19,1,a,us,93
158,19,1,a,t1,90
158,19,1,a,t2,87
158,19,1,b,h1,83
158,19,1,b,h2,75
158,19,1,b,us,77
158,19,1,b,t1,98
158,19,1,b,t2,76
159,16,1,a,h1,99
159,16,1,a,h2,97
159,16,1,a,us,82
159,16,1,a,t1,81
159,16,1,a,t2,78
159,16,1,b,h1,82
159,16,1,b,h2,82
159,16,1,b,us,82
159,16,1,b,t1,87
159,16,1,b,t2,84
159,17,1,a,h1,82
159,17,1,a,h2,75
159,17,1,a,us,95
159,17,1,a,t1,79
159,17,1,a,t2,92
159,17,1,b,h1,93
159,17,1,b,h2,79
159,17,1,b,us,79
159,17,1,b,t1,77
159,17,1,b,t2,80
159,18,1,a,h1,91
159,18,1,a,h2,82
159,18,1,a,us,99
159,18,1,a,t1,85
159,18,1,a,t2,88
159,18,1,b,h1,79
159,18,1,b,h2,90
159,18,1,b,us,77
159,18,1,b,t1,98
159,18,1,b,t2,75
159,19,1,a,h1,79
159,19,1,a,h2,93
159,19,1,a,us,91
159,19,1,a,t1,95
159,19,1,a,t2,84
159,19,1,b,h1,91
159,19,1,b,h2,87
159,19,1,b,us,97
159,19,1,b,t1,75
159,19,1,b,t2,79
160,16,1,a,h1,87
160,16,1,a,h2,76
160,16,1,a,us,93
160,16,1,a,t1,92
160,16,1,a,t2,75
160,16,1,b,h1,87
160,16,1,b,h2,88
160,16,1,b,us,95
160,16,1,b,t1,77
160,16,1,b,t2,86
160,17,1,a,h1,89
160,17,1,a,h2,94
160,17,1,a,us,89
160,17,1,a,t1,82
160,17,1,a,t2,75
160,17,1,b,h1,91
160,17,1,b,h2,94
160,17,1,b,us,89
160,17,1,b,t1,80
160,17,1,b,t2,98
160,18,1,a,h1,93
160,18,1,a,h2,92
160,18,1,a,us,96
160,18,1,a,t1,96
160,18,1,a,t2,97
160,18,1,b,h1,82
160,18,1,b,h2,78
160,18,1,b,us,98
160,18,1,b,t1,82
160,18,1,b,t2,80
160,19,1,a,h1,85
160,19,1,a,h2,93
160,19,1,a,us,89
160,19,1,a,t1,75
160,19,1,a,t2,83
160,19,1,b,h1,85
160,19,1,b,h2,85
160,19,1,b,us,89
160,19,1,b,t1,96
160,19,1,b,t2,89
167,16,1,a,h1,88
167,16,1,a,h2,86
167,16,1,a,us,92
167,16,1,a,t1,93
167,16,1,a,t2,81
167,16,1,b,h1,94
167,16,1,b,h2,84
167,16,1,b,us,78
167,16,1,b,t1,84
167,16,1,b,t2,78
167,17,1,a,h1,97
167,17,1,a,h2,85
167,17,1,a,us,93
167,17,1,a,t1,83
167,17,1,a,t2,78
167,17,1,b,h1,85
167,17,1,b,h2,94
167,17,1,b,us,99
167,17,1,b,t1,97
167,17,1,b,t2,90
167,18,1,a,h1,95
167,18,1,a,h2,85
167,18,1,a,us,79
167,18,1,a,t1,99
167,18,1,a,t2,85
167,18,1,b,h1,81
167,18,1,b,h2,91
167,18,1,b,us,77
167,18,1,b,t1,80
167,18,1,b,t2,82
167,19,1,a,h1,79
167,19,1,a,h2,93
167,19,1,a,us,85
167,19,1,a,t1,99
167,19,1,a,t2,78
167,19,1,b,h1,79
167,19,1,b,h2,85
167,19,1,b,us,82
167,19,1,b,t1,86
167,19,1,b,t2,97
168,16,1,a,h1,79
168,16,1,a,h2,96
168,16,1,a,us,99
168,16,1,a,t1,98
168,16,1,a,t2,80
168,16,1,b,h1,100
168,16,1,b,h2,84
168,16,1,b,us,99
168,16,1,b,t1,92
168,16,1,b,t2,75
168,17,1,a,h1,100
168,17,1,a,h2,98
168,17,1,a,us,98
168,17,1,a,t1,75
168,17,1,a,t2,85
168,17,1,b,h1,76
168,17,1,b,h2,92
168,17,1,b,us,92
168,17,1,b,t1,100
168,17,1,b,t2,82
168,18,1,a,h1,95
168,18,1,a,h2,91
168,18,1,a,us,95
168,18,1,a,t1,87
168,18,1,a,t2,90
168,18,1,b,h1,89
168,18,1,b,h2,88
168,18,1,b,us,87
168,18,1,b,t1,93
168,18,1,b,t2,79
168,19,1,a,h1,89
168,19,1,a,h2,76
168,19,1,a,us,92
168,19,1,a,t1,75
168,19,1,a,t2,83
168,19,1,b,h1,88
168,19,1,b,h2,96
168,19,1,b,us,94
168,19,1,b,t1,76
168,19,1,b,t2,98
169,16,1,a,h1,93
169,16,1,a,h2,89
169,16,1,a,us,92
169,16,1,a,t1,93
169,16,1,a,t2,83
169,16,1,b,h1,96
169,16,1,b,h2,76
169,16,1,b,us,93
169,16,1,b,t1,96
169,16,1,b,t2,84
169,17,1,a,h1,82
169,17,1,a,h2,75
169,17,1,a,us,92
169,17,1,a,t1,78
169,17,1,a,t2,82
169,17,1,b,h1,98
169,17,1,b,h2,95
169,17,1,b,us,78
169,17,1,b,t1,79
169,17,1,b,t2,93
169,18,1,a,h1,95
169,18,1,a,h2,85
169,18,1,a,us,82
169,18,1,a,t1,90
169,18,1,a,t2,87
169,18,1,b,h1,97
169,18,1,b,h2,75
169,18,1,b,us,95
169,18,1,b,t1,94
169,18,1,b,t2,82
169,19,1,a,h1,98
169,19,1,a,h2,87
169,19,1,a,us,87
169,19,1,a,t1,82
169,19,1,a,t2,75
169,19,1,b,h1,88
169,19,1,b,h2,77
169,19,1,b,us,96
169,19,1,b,t1,98
169,19,1,b,t2,85
170,16,1,a,h1,99
170,16,1,a,h2,88
170,16,1,a,us,83
170,16,1,a,t1,94
170,16,1,a,t2,91
170,16,1,b,h1,79
170,16,1,b,h2,81
170,16,1,b,us,100
170,16,1,b,t1,100
170,16,1,b,t2,98
170,17,1,a,h1,90
170,17,1,a,h2,77
170,17,1,a,us,75
170,17,1,a,t1,81
170,17,1,a,t2,77
170,17,1,b,h1,80
170,17,1,b,h2,78
170,17,1,b,us,82
170,17,1,b,t1,75
170,17,1,b,t2,90
170,18,1,a,h1,81
170,18,1,a,h2,77
170,18,1,a,us,95
170,18,1,a,t1,80
170,18,1,a,t2,85
170,18,1,b,h1,97
170,18,1,b,h2,78
170,18,1,b,us,86
170,18,1,b,t1,78
170,18,1,b,t2,89
170,19,1,a,h1,92
170,19,1,a,h2,90
170,19,1,a,us,79
170,19,1,a,t1,92
170,19,1,a,t2,82
170,19,1,b,h1,84
170,19,1,b,h2,80
170,19,1,b,us,90
170,19,1,b,t1,77
170,19,1,b,t2,96
171,16,1,a,h1,90
171,16,1,a,h2,97
171,16,1,a,us,75
171,16,1,a,t1,90
171,16,1,a,t2,85
171,16,1,b,h1,100
171,16,1,b,h2,77
171,16,1,b,us,85
171,16,1,b,t1,100
171,16,1,b,t2,95
171,17,1,a,h1,75
171,17,1,a,h2,91
171,17,1,a,us,92
171,17,1,a,t1,93
171,17,1,a,t2,94
171,17,1,b,h1,90
171,17,1,b,h2,85
171,17,1,b,us,95
171,17,1,b,t1,96
171,17,1,b,t2,78
171,18,1,a,h1,87
171,18,1,a,h2,85
171,18,1,a,us,83
171,18,1,a,t1,95
171,18,1,a,t2,95
171,18,1,b,h1,77
171,18,1,b,h2,100
171,18,1,b,us,75
171,18,1,b,t1,100
171,18,1,b,t2,86
171,19,1,a,h1,93
171,19,1,a,h2,85
171,19,1,a,us,100
171,19,1,a,t1,81
171,19,1,a,t2,92
171,19,1,b,h1,92
171,19,1,b,h2,94
171,19,1,b,us,98
171,19,1,b,t1,82
171,19,1,b,t2,92
172,16,1,a,h1,95
172,16,1,a,h2,78
172,16,1,a,us,75
172,16,1,a,t1,89
172,16,1,a,t2,91
172,16,1,b,h1,84
172,16,1,b,h2,82
172,16,1,b,us,96
172,16,1,b,t1,90
172,16,1,b,t2,90
172,17,1,a,h1,88
172,17,1,a,h2,79
172,17,1,a,us,89
172,17,1,a,t1,86
172,17,1,a,t2,75
172,17,1,b,h1,88
172,17,1,b,h2,99
172,17,1,b,us,90
172,17,1,b,t1,94
172,17,1,b,t2,100
172,18,1,a,h1,78
172,18,1,a,h2,95
172,18,1,a,us,96
172,18,1,a,t1,83
172,18,1,a,t2,86
172,18,1,b,h1,93
172,18,1,b,h2,79
172,18,1,b,us,94
172,18,1,b,t1,97
172,18,1,b,t2,79
172,19,1,a,h1,96
172,19,1,a,h2,98
172,19,1,a,us,75
172,19,1,a,t1,81
172,19,1,a,t2,83
172,19,1,b,h1,97
172,19,1,b,h2,91
172,19,1,b,us,95
172,19,1,b,t1,82
172,19,1,b,t2,80
